,n_arms,epsilon,true_winner_idx,winner_idx,true_winner_ctr,winner_ctr,traffic,wins,baseline
0,2.0,0.1,0.0,0.0,0.2856508552128434,0.2856508552128434,7479.0,2070.0,0.27559183474289883
1,2.0,0.1,0.0,0.0,0.20850426119198154,0.20850426119198154,9209.0,1924.0,0.2025955958397992
2,2.0,0.1,1.0,1.0,0.2369230604783451,0.2369230604783451,28989.0,6916.0,0.22954910628451672
3,2.0,0.1,1.0,1.0,0.25153825312076267,0.25153825312076267,100002.0,24890.0,0.2500016966019655
4,2.0,0.1,0.0,0.0,0.25456926326170637,0.25456926326170637,12117.0,2938.0,0.2465530741080867
5,2.0,0.1,0.0,0.0,0.18988532785064466,0.18988532785064466,2633.0,509.0,0.18777110734908853
6,2.0,0.1,1.0,0.0,0.21233721131609265,0.2061531439148989,100002.0,20497.0,0.20924517761549577
7,2.0,0.1,1.0,1.0,0.2323331592188977,0.2323331592188977,1003.0,206.0,0.16787511348956427
8,2.0,0.1,0.0,0.0,0.25871827506321954,0.25871827506321954,1003.0,231.0,0.20490711734320333
9,2.0,0.1,0.0,0.0,0.2719302646574696,0.2719302646574696,5397.0,1458.0,0.26647568509773023
10,2.0,0.1,1.0,1.0,0.21834105561915695,0.21834105561915695,1892.0,406.0,0.17195943336416492
11,2.0,0.1,1.0,1.0,0.18342055818378925,0.18342055818378925,1224.0,212.0,0.15475247779613976
12,2.0,0.1,0.0,0.0,0.23292101522989758,0.23292101522989758,2589.0,570.0,0.21994040415468516
13,2.0,0.1,1.0,1.0,0.260092173624779,0.260092173624779,1662.0,425.0,0.22630647973732143
14,2.0,0.1,0.0,0.0,0.17971041713247582,0.17971041713247582,100002.0,17924.0,0.17309482618355557
15,2.0,0.1,0.0,0.0,0.27882097801727285,0.27882097801727285,2086.0,523.0,0.25260818024113485
16,2.0,0.2,0.0,0.0,0.24622097991352218,0.24622097991352218,1003.0,208.0,0.2032598144534478
17,2.0,0.2,1.0,1.0,0.2837892583840871,0.2837892583840871,1003.0,258.0,0.2566834492746102
18,2.0,0.2,1.0,1.0,0.19198556627444793,0.19198556627444793,10263.0,1956.0,0.18159281373258943
19,2.0,0.2,0.0,0.0,0.22627842740868134,0.22627842740868134,1003.0,197.0,0.19631911841290936
20,2.0,0.2,0.0,0.0,0.2635418748013826,0.2635418748013826,82650.0,21721.0,0.2612508065227538
21,2.0,0.2,0.0,0.0,0.22374595850643184,0.22374595850643184,1221.0,283.0,0.20203016863888162
22,2.0,0.2,0.0,0.0,0.31755986051800345,0.31755986051800345,1003.0,301.0,0.2742268856797247
23,2.0,0.2,0.0,0.0,0.2302904061986239,0.2302904061986239,1003.0,211.0,0.19632664624756457
24,2.0,0.2,1.0,1.0,0.16973753155489774,0.16973753155489774,1130.0,152.0,0.15092858241418505
25,2.0,0.2,0.0,0.0,0.21969723032093358,0.21969723032093358,1003.0,207.0,0.1795471857903701
26,2.0,0.2,1.0,1.0,0.32459259876939217,0.32459259876939217,1003.0,319.0,0.3013809923660887
27,2.0,0.2,0.0,0.0,0.2316036101243248,0.2316036101243248,1003.0,220.0,0.19505835178263378
28,2.0,0.2,1.0,1.0,0.25127169582178716,0.25127169582178716,1003.0,232.0,0.2334366855814276
29,2.0,0.2,1.0,1.0,0.22186336662151707,0.22186336662151707,1204.0,263.0,0.2026541322805497
30,2.0,0.2,0.0,0.0,0.2691327942614852,0.2691327942614852,1078.0,271.0,0.22842000411575256
31,2.0,0.2,1.0,1.0,0.2553374130418686,0.2553374130418686,1003.0,241.0,0.19239070263925187
32,2.0,0.30000000000000004,1.0,1.0,0.17768259602194333,0.17768259602194333,1003.0,171.0,0.15630982853381364
33,2.0,0.30000000000000004,0.0,0.0,0.23831957723580843,0.23831957723580843,42466.0,9885.0,0.23456144772114834
34,2.0,0.30000000000000004,0.0,0.0,0.2670546896718749,0.2670546896718749,1003.0,198.0,0.21687406568001533
35,2.0,0.30000000000000004,1.0,1.0,0.17829882963008456,0.17829882963008456,1003.0,152.0,0.15221106779464566
36,2.0,0.30000000000000004,1.0,1.0,0.19454130602629996,0.19454130602629996,1003.0,165.0,0.13573106869510765
37,2.0,0.30000000000000004,0.0,0.0,0.213515914436847,0.213515914436847,1911.0,379.0,0.1953285181533736
38,2.0,0.30000000000000004,1.0,1.0,0.15559120513848634,0.15559120513848634,5633.0,882.0,0.14746568713532776
39,2.0,0.30000000000000004,0.0,0.0,0.22722326373914453,0.22722326373914453,1758.0,381.0,0.2035219556617953
40,2.0,0.30000000000000004,1.0,1.0,0.2146883795578799,0.2146883795578799,1801.0,336.0,0.19901434696061993
41,2.0,0.30000000000000004,1.0,1.0,0.24585347976837335,0.24585347976837335,1003.0,236.0,0.2306083019742078
42,2.0,0.30000000000000004,1.0,1.0,0.2611175217371765,0.2611175217371765,1013.0,235.0,0.23024744222332177
43,2.0,0.30000000000000004,0.0,0.0,0.2361778852162117,0.2361778852162117,4312.0,968.0,0.22225680037344633
44,2.0,0.30000000000000004,0.0,1.0,0.2230646625274405,0.21705917035648312,1654.0,346.0,0.22006191644196182
45,2.0,0.30000000000000004,1.0,1.0,0.17245178680753503,0.17245178680753503,1003.0,160.0,0.15138956919784313
46,2.0,0.30000000000000004,0.0,0.0,0.2673958931373815,0.2673958931373815,1917.0,484.0,0.23041876830116154
47,2.0,0.30000000000000004,0.0,0.0,0.18240670954935606,0.18240670954935606,1161.0,191.0,0.16242699778052921
48,2.0,0.4,1.0,1.0,0.19342135254967394,0.19342135254967394,2474.0,406.0,0.17842703244141578
49,2.0,0.4,0.0,0.0,0.27938091997717984,0.27938091997717984,1003.0,223.0,0.2212910736720961
50,2.0,0.4,0.0,0.0,0.23586746413239798,0.23586746413239798,1119.0,257.0,0.20068652522971614
51,2.0,0.4,1.0,1.0,0.22386414987544984,0.22386414987544984,9574.0,2076.0,0.21668357152640666
52,2.0,0.4,0.0,0.0,0.2163018951661978,0.2163018951661978,1003.0,189.0,0.1793433663843593
53,2.0,0.4,0.0,0.0,0.2313363465296235,0.2313363465296235,1003.0,188.0,0.19631332298584436
54,2.0,0.4,0.0,0.0,0.22546551307189538,0.22546551307189538,1003.0,186.0,0.17607964698178197
55,2.0,0.4,1.0,1.0,0.26327794412827604,0.26327794412827604,100002.0,26322.0,0.26213276552254977
56,2.0,0.4,1.0,1.0,0.2970788757942813,0.2970788757942813,1003.0,255.0,0.2535368528101389
57,2.0,0.4,0.0,0.0,0.2456860880052139,0.2456860880052139,1003.0,204.0,0.17609229721694925
58,2.0,0.4,0.0,0.0,0.22891062218962582,0.22891062218962582,9548.0,2068.0,0.22240247471034844
59,2.0,0.4,0.0,0.0,0.19383347504985315,0.19383347504985315,24228.0,4765.0,0.1928615179016466
60,2.0,0.4,0.0,0.0,0.18574436368405975,0.18574436368405975,1003.0,150.0,0.14372268606216787
61,2.0,0.4,1.0,1.0,0.34324813507621793,0.34324813507621793,1003.0,250.0,0.20769934489852943
62,2.0,0.4,1.0,1.0,0.2450817869923592,0.2450817869923592,1040.0,213.0,0.22385200954398937
63,2.0,0.4,0.0,0.0,0.21029441851095945,0.21029441851095945,5168.0,1055.0,0.20181504964188846
64,2.0,0.5,1.0,1.0,0.18551323813826748,0.18551323813826748,5841.0,1067.0,0.18290146756738085
65,2.0,0.5,1.0,1.0,0.19982959829958935,0.19982959829958935,5580.0,1107.0,0.19861410291562778
66,2.0,0.5,0.0,0.0,0.23677353189339603,0.23677353189339603,28423.0,6558.0,0.23331473230785355
67,2.0,0.5,0.0,0.0,0.18898227540579635,0.18898227540579635,1491.0,252.0,0.17352837786165515
68,2.0,0.5,1.0,1.0,0.2176753070980008,0.2176753070980008,1003.0,179.0,0.1704855536885948
69,2.0,0.5,1.0,1.0,0.2006839489534258,0.2006839489534258,1277.0,208.0,0.1651583779929518
70,2.0,0.5,1.0,1.0,0.2617232331344105,0.2617232331344105,1003.0,214.0,0.21266304348432521
71,2.0,0.5,1.0,1.0,0.19675264339526813,0.19675264339526813,1130.0,240.0,0.1804503963411539
72,2.0,0.5,1.0,1.0,0.28204482702660955,0.28204482702660955,1135.0,285.0,0.2544818696110859
73,2.0,0.5,0.0,0.0,0.24467380114348278,0.24467380114348278,2072.0,456.0,0.2391027774190102
74,2.0,0.5,0.0,0.0,0.1610013293040039,0.1610013293040039,1003.0,130.0,0.1375413087552682
75,2.0,0.5,1.0,1.0,0.28948198463124897,0.28948198463124897,1003.0,249.0,0.24299461267217723
76,2.0,0.5,0.0,0.0,0.2650739527276136,0.2650739527276136,1003.0,162.0,0.15854056578654774
77,2.0,0.5,1.0,1.0,0.25802073634014366,0.25802073634014366,1003.0,218.0,0.21693475341542265
78,2.0,0.5,0.0,0.0,0.13628693374186848,0.13628693374186848,3918.0,545.0,0.12891156970484857
79,2.0,0.5,0.0,0.0,0.2455071835781089,0.2455071835781089,1003.0,210.0,0.22341473213405866
80,2.0,0.6,1.0,1.0,0.23731925120748806,0.23731925120748806,1199.0,257.0,0.20815685723589913
81,2.0,0.6,1.0,1.0,0.2665549313169476,0.2665549313169476,7651.0,1976.0,0.2575186245817289
82,2.0,0.6,1.0,1.0,0.18135690578609523,0.18135690578609523,25706.0,4678.0,0.18009731965606607
83,2.0,0.6,0.0,0.0,0.23275484012975978,0.23275484012975978,1003.0,187.0,0.18517815227281653
84,2.0,0.6,1.0,1.0,0.20657133187216117,0.20657133187216117,85926.0,17486.0,0.2041407520552076
85,2.0,0.6,0.0,0.0,0.21261767227641884,0.21261767227641884,100002.0,21182.0,0.21099976296862258
86,2.0,0.6,1.0,1.0,0.2992769225481631,0.2992769225481631,1003.0,181.0,0.2046725383225116
87,2.0,0.6,1.0,1.0,0.24789052835394568,0.24789052835394568,1003.0,192.0,0.18698929647183904
88,2.0,0.6,0.0,0.0,0.23162468720317156,0.23162468720317156,4609.0,968.0,0.21573939548298696
89,2.0,0.6,1.0,1.0,0.2232459374517487,0.2232459374517487,1003.0,154.0,0.18100500769717845
90,2.0,0.6,0.0,0.0,0.19660891640907832,0.19660891640907832,5748.0,1043.0,0.18215329147877568
91,2.0,0.6,1.0,1.0,0.15074596933388723,0.15074596933388723,10682.0,1581.0,0.14903853658759658
92,2.0,0.6,1.0,1.0,0.22475830893412646,0.22475830893412646,1003.0,178.0,0.18957350139292373
93,2.0,0.6,0.0,0.0,0.12349849035471464,0.12349849035471464,1018.0,118.0,0.10418998054541272
94,2.0,0.6,1.0,1.0,0.17002549208361384,0.17002549208361384,51004.0,8494.0,0.16552668827759576
95,2.0,0.6,1.0,1.0,0.25474091985199465,0.25474091985199465,1003.0,229.0,0.22505623993414264
96,2.0,0.7000000000000001,0.0,1.0,0.23243690719153803,0.23026430703077563,1021.0,253.0,0.23135060711115685
97,2.0,0.7000000000000001,1.0,1.0,0.26468640034063995,0.26468640034063995,2002.0,442.0,0.24204931155150058
98,2.0,0.7000000000000001,0.0,0.0,0.2013753294737654,0.2013753294737654,1003.0,160.0,0.1641141661347402
99,2.0,0.7000000000000001,0.0,0.0,0.2477262551734412,0.2477262551734412,1003.0,197.0,0.21425197124068346
100,2.0,0.7000000000000001,1.0,1.0,0.19959845581031793,0.19959845581031793,1003.0,146.0,0.15333024651118005
101,2.0,0.7000000000000001,1.0,1.0,0.24647650730478451,0.24647650730478451,1650.0,312.0,0.2028141179211851
102,2.0,0.7000000000000001,0.0,0.0,0.29764219883602977,0.29764219883602977,1003.0,234.0,0.23617682469101553
103,2.0,0.7000000000000001,1.0,1.0,0.26235684470740894,0.26235684470740894,2064.0,498.0,0.2371541651065836
104,2.0,0.7000000000000001,0.0,0.0,0.1863343897118609,0.1863343897118609,2467.0,402.0,0.17089301489221057
105,2.0,0.7000000000000001,1.0,1.0,0.20238225982488922,0.20238225982488922,5103.0,940.0,0.18580576156203676
106,2.0,0.7000000000000001,1.0,1.0,0.2698433877463732,0.2698433877463732,9471.0,2500.0,0.26340322232798113
107,2.0,0.7000000000000001,0.0,0.0,0.24174768579704858,0.24174768579704858,2808.0,644.0,0.22470339266133843
108,2.0,0.7000000000000001,1.0,1.0,0.20172870859305442,0.20172870859305442,4791.0,950.0,0.19601187988432667
109,2.0,0.7000000000000001,0.0,0.0,0.21137600378466612,0.21137600378466612,18069.0,3804.0,0.20779083221079683
110,2.0,0.7000000000000001,0.0,0.0,0.24847489042374787,0.24847489042374787,1003.0,231.0,0.22757928421499257
111,2.0,0.7000000000000001,0.0,0.0,0.22385775979122402,0.22385775979122402,67200.0,14666.0,0.22026842052666473
112,2.0,0.8,0.0,0.0,0.24583838159986485,0.24583838159986485,1003.0,196.0,0.21956445641661637
113,2.0,0.8,1.0,1.0,0.24010757809113523,0.24010757809113523,1003.0,173.0,0.1904421160420331
114,2.0,0.8,1.0,1.0,0.22491460007483996,0.22491460007483996,1622.0,352.0,0.2172616299277269
115,2.0,0.8,0.0,0.0,0.3005713449708216,0.3005713449708216,1003.0,218.0,0.2508326072774813
116,2.0,0.8,1.0,1.0,0.3226386427522262,0.3226386427522262,1003.0,135.0,0.21261224737864487
117,2.0,0.8,0.0,0.0,0.19999790916311289,0.19999790916311289,2909.0,490.0,0.17615307506013603
118,2.0,0.8,0.0,0.0,0.31859249462620715,0.31859249462620715,1003.0,215.0,0.2476378675628606
119,2.0,0.8,1.0,1.0,0.22414209202457613,0.22414209202457613,1003.0,152.0,0.17675963237003284
120,2.0,0.8,1.0,1.0,0.27292332802988245,0.27292332802988245,1003.0,235.0,0.2506104715092875
121,2.0,0.8,0.0,0.0,0.2784331207137448,0.2784331207137448,1044.0,227.0,0.23865981664837393
122,2.0,0.8,0.0,0.0,0.16866946635779592,0.16866946635779592,1860.0,272.0,0.15044031325920507
123,2.0,0.8,0.0,0.0,0.16534266444990808,0.16534266444990808,1026.0,144.0,0.15165302717127738
124,2.0,0.8,0.0,0.0,0.1952947091654288,0.1952947091654288,3070.0,625.0,0.19507605429574326
125,2.0,0.8,0.0,0.0,0.22063007562511427,0.22063007562511427,1003.0,157.0,0.1767545124942852
126,2.0,0.8,1.0,1.0,0.25210637357673316,0.25210637357673316,69949.0,17315.0,0.24780172970181302
127,2.0,0.8,1.0,1.0,0.21238603810533263,0.21238603810533263,1003.0,161.0,0.1675824617021381
128,3.0,0.1,0.0,0.0,0.20401058374324593,0.20401058374324593,7664.0,1447.0,0.18181661563127147
129,3.0,0.1,2.0,2.0,0.23892870403967575,0.23892870403967575,47666.0,11332.0,0.23129102129195148
130,3.0,0.1,1.0,1.0,0.25315264534386006,0.25315264534386006,1102.0,271.0,0.2056495680058008
131,3.0,0.1,1.0,1.0,0.25468418814820204,0.25468418814820204,1009.0,255.0,0.20307301609642558
132,3.0,0.1,2.0,2.0,0.2855381965950642,0.2855381965950642,2174.0,631.0,0.22644471936411956
133,3.0,0.1,1.0,1.0,0.2616544089410225,0.2616544089410225,1004.0,214.0,0.20092109930474178
134,3.0,0.1,1.0,1.0,0.24915375707857954,0.24915375707857954,1004.0,188.0,0.18348869923846176
135,3.0,0.1,1.0,1.0,0.2872262081453156,0.2872262081453156,2106.0,604.0,0.24115336567656664
136,3.0,0.1,1.0,1.0,0.23567474792189833,0.23567474792189833,8944.0,2062.0,0.18284972429276947
137,3.0,0.1,2.0,2.0,0.2117577488985005,0.2117577488985005,26131.0,5499.0,0.19622555208350181
138,3.0,0.1,2.0,2.0,0.21396722949078673,0.21396722949078673,5323.0,1106.0,0.1711229347354921
139,3.0,0.1,0.0,0.0,0.18077358606178545,0.18077358606178545,9407.0,1669.0,0.15673101623851635
140,3.0,0.1,0.0,0.0,0.2618530368997346,0.2618530368997346,30082.0,7863.0,0.2531133358577405
141,3.0,0.1,2.0,2.0,0.268673647400562,0.268673647400562,2124.0,500.0,0.22549910814180849
142,3.0,0.1,1.0,1.0,0.26076659068514635,0.26076659068514635,1055.0,257.0,0.2098264110749005
143,3.0,0.1,0.0,0.0,0.2442521811918952,0.2442521811918952,25671.0,6085.0,0.2333691885157977
144,3.0,0.2,0.0,0.0,0.27864175872377156,0.27864175872377156,1059.0,263.0,0.2111228045087508
145,3.0,0.2,0.0,0.0,0.19255862297814078,0.19255862297814078,3444.0,617.0,0.1634063329753731
146,3.0,0.2,1.0,1.0,0.2524347422254033,0.2524347422254033,1004.0,248.0,0.2078622569382118
147,3.0,0.2,0.0,0.0,0.24898806283107855,0.24898806283107855,15867.0,3787.0,0.20439971967989165
148,3.0,0.2,1.0,1.0,0.277526685482193,0.277526685482193,39634.0,9830.0,0.19430888279312794
149,3.0,0.2,1.0,1.0,0.23387044789113137,0.23387044789113137,1142.0,230.0,0.20151372629247075
150,3.0,0.2,0.0,0.0,0.29953482909115625,0.29953482909115625,1004.0,264.0,0.20164603276235812
151,3.0,0.2,0.0,2.0,0.22528205976790455,0.22411654800458072,6172.0,1327.0,0.19320893032683706
152,3.0,0.2,0.0,0.0,0.23789874045057716,0.23789874045057716,6074.0,1384.0,0.21073341537286527
153,3.0,0.2,2.0,2.0,0.2112501324797193,0.2112501324797193,1620.0,328.0,0.1870125620612678
154,3.0,0.2,1.0,1.0,0.1840724585414038,0.1840724585414038,66002.0,11487.0,0.15927676065315313
155,3.0,0.2,0.0,0.0,0.2056087720787305,0.2056087720787305,16649.0,3357.0,0.19325045435922142
156,3.0,0.2,0.0,0.0,0.2642383756155412,0.2642383756155412,1004.0,266.0,0.17569497566134618
157,3.0,0.2,2.0,2.0,0.23477473604002008,0.23477473604002008,21823.0,4771.0,0.20257436058875564
158,3.0,0.2,1.0,1.0,0.2972010529206989,0.2972010529206989,2450.0,722.0,0.2604777984638686
159,3.0,0.2,2.0,2.0,0.21145858723484895,0.21145858723484895,2087.0,400.0,0.18542131706223688
160,3.0,0.30000000000000004,2.0,2.0,0.21419084465211152,0.21419084465211152,12089.0,2413.0,0.18749415304411188
161,3.0,0.30000000000000004,1.0,1.0,0.23862056273406793,0.23862056273406793,2422.0,532.0,0.21017851106767116
162,3.0,0.30000000000000004,0.0,0.0,0.23584385805035282,0.23584385805035282,29424.0,6494.0,0.19948627379112682
163,3.0,0.30000000000000004,0.0,0.0,0.2787179686211085,0.2787179686211085,1004.0,250.0,0.2089270997604861
164,3.0,0.30000000000000004,1.0,1.0,0.22973595302971767,0.22973595302971767,22979.0,4997.0,0.20214474421213194
165,3.0,0.30000000000000004,0.0,0.0,0.24660631938147679,0.24660631938147679,100003.0,23658.0,0.22326526183385645
166,3.0,0.30000000000000004,2.0,2.0,0.2440844139882193,0.2440844139882193,1411.0,275.0,0.18784194768312068
167,3.0,0.30000000000000004,1.0,1.0,0.28262886765739187,0.28262886765739187,1004.0,230.0,0.22559443129126003
168,3.0,0.30000000000000004,2.0,2.0,0.2574440160439157,0.2574440160439157,1814.0,453.0,0.22888845756993778
169,3.0,0.30000000000000004,0.0,0.0,0.20828817556106588,0.20828817556106588,25153.0,5075.0,0.18320025673868864
170,3.0,0.30000000000000004,0.0,0.0,0.22398937213993125,0.22398937213993125,3395.0,730.0,0.20763501035385026
171,3.0,0.30000000000000004,2.0,2.0,0.29292548363775495,0.29292548363775495,1004.0,244.0,0.19195467459745644
172,3.0,0.30000000000000004,2.0,2.0,0.27536483664782313,0.27536483664782313,3213.0,773.0,0.2111688666689907
173,3.0,0.30000000000000004,1.0,1.0,0.2814626483571151,0.2814626483571151,1875.0,480.0,0.23122888121549956
174,3.0,0.30000000000000004,2.0,2.0,0.1833263446735847,0.1833263446735847,87104.0,14706.0,0.15545564472741566
175,3.0,0.30000000000000004,0.0,0.0,0.23942939504268054,0.23942939504268054,29553.0,6908.0,0.22289405053118724
176,3.0,0.4,2.0,2.0,0.21332806590914002,0.21332806590914002,100003.0,19737.0,0.18592530987401146
177,3.0,0.4,0.0,0.0,0.3383055752629145,0.3383055752629145,1004.0,304.0,0.2616658562861329
178,3.0,0.4,0.0,0.0,0.2804106261024579,0.2804106261024579,1004.0,227.0,0.17782253601449105
179,3.0,0.4,0.0,0.0,0.2686249689167789,0.2686249689167789,1497.0,379.0,0.2402831315710069
180,3.0,0.4,2.0,0.0,0.22974839027784968,0.22964354677421156,32908.0,7418.0,0.21950648939737505
181,3.0,0.4,2.0,2.0,0.24100627597420984,0.24100627597420984,1006.0,219.0,0.18748582214031084
182,3.0,0.4,1.0,1.0,0.23336468352913517,0.23336468352913517,1085.0,244.0,0.19641181481013814
183,3.0,0.4,1.0,1.0,0.26674474018806454,0.26674474018806454,1004.0,199.0,0.19436025369937285
184,3.0,0.4,1.0,1.0,0.1708558760297666,0.1708558760297666,6047.0,870.0,0.12276991953678573
185,3.0,0.4,0.0,0.0,0.25808065087578325,0.25808065087578325,1449.0,339.0,0.20670701376763237
186,3.0,0.4,0.0,0.0,0.22676569859943502,0.22676569859943502,40150.0,8839.0,0.2133187781679886
187,3.0,0.4,0.0,0.0,0.1843026403408735,0.1843026403408735,11956.0,2127.0,0.17446662812656255
188,3.0,0.4,0.0,0.0,0.20253608809914384,0.20253608809914384,1149.0,224.0,0.18508387541644158
189,3.0,0.4,2.0,2.0,0.25431597868022604,0.25431597868022604,1004.0,214.0,0.21979877461557074
190,3.0,0.4,0.0,0.0,0.24411186251686356,0.24411186251686356,1004.0,209.0,0.20779122590082574
191,3.0,0.4,0.0,0.0,0.31732163093185906,0.31732163093185906,1004.0,255.0,0.2134037514270978
192,3.0,0.5,1.0,1.0,0.24984047592259176,0.24984047592259176,11344.0,2571.0,0.2136359851317444
193,3.0,0.5,0.0,0.0,0.20549756843526742,0.20549756843526742,6328.0,1195.0,0.17759749709240877
194,3.0,0.5,0.0,0.0,0.2501199742662935,0.2501199742662935,1004.0,195.0,0.19243816334290872
195,3.0,0.5,0.0,0.0,0.24912977468401953,0.24912977468401953,1099.0,226.0,0.19144847619258046
196,3.0,0.5,1.0,0.0,0.20315512790681978,0.19472346137727295,14964.0,2924.0,0.1925678144862094
197,3.0,0.5,0.0,0.0,0.21947274027305405,0.21947274027305405,100003.0,20821.0,0.2083988595608424
198,3.0,0.5,0.0,0.0,0.2533249792437241,0.2533249792437241,1117.0,232.0,0.2071232116123339
199,3.0,0.5,0.0,0.0,0.2873377675913067,0.2873377675913067,11385.0,3250.0,0.2802418140551865
200,3.0,0.5,0.0,0.0,0.25892772036294215,0.25892772036294215,1178.0,251.0,0.2061614309931926
201,3.0,0.5,2.0,2.0,0.193749716411257,0.193749716411257,2183.0,342.0,0.15187824741045872
202,3.0,0.5,2.0,2.0,0.2591560518373453,0.2591560518373453,1004.0,209.0,0.19522949248656837
203,3.0,0.5,0.0,0.0,0.2127638369604906,0.2127638369604906,4894.0,965.0,0.20277420180710126
204,3.0,0.5,2.0,2.0,0.1930163789480496,0.1930163789480496,16932.0,3170.0,0.18151268015960897
205,3.0,0.5,0.0,2.0,0.18122666358152592,0.1773134782888406,4784.0,770.0,0.16034023080530338
206,3.0,0.5,0.0,0.0,0.20522750800447334,0.20522750800447334,32304.0,6262.0,0.18906120280743455
207,3.0,0.5,1.0,1.0,0.20674540444920678,0.20674540444920678,1053.0,179.0,0.18128844412832912
208,3.0,0.6,2.0,2.0,0.25076303764939745,0.25076303764939745,1004.0,222.0,0.20582647035625912
209,3.0,0.6,0.0,0.0,0.2217193677044088,0.2217193677044088,11500.0,2307.0,0.20055597411197268
210,3.0,0.6,1.0,1.0,0.17165864697795138,0.17165864697795138,32652.0,5101.0,0.1524418162907771
211,3.0,0.6,1.0,1.0,0.2782041936322177,0.2782041936322177,1085.0,261.0,0.2244903994526614
212,3.0,0.6,0.0,0.0,0.2563715989638875,0.2563715989638875,1004.0,204.0,0.20048144710599067
213,3.0,0.6,2.0,2.0,0.24885445381692617,0.24885445381692617,2911.0,682.0,0.22913652195166642
214,3.0,0.6,0.0,0.0,0.2680603989195217,0.2680603989195217,1056.0,228.0,0.2305090090312988
215,3.0,0.6,1.0,1.0,0.2682541735844597,0.2682541735844597,1795.0,428.0,0.23525278123863527
216,3.0,0.6,0.0,0.0,0.17163258888019056,0.17163258888019056,4197.0,572.0,0.1455841924323031
217,3.0,0.6,0.0,0.0,0.24670467633217485,0.24670467633217485,100003.0,24044.0,0.2388897775745904
218,3.0,0.6,0.0,0.0,0.23665836340419383,0.23665836340419383,4484.0,1016.0,0.22455442005097645
219,3.0,0.6,2.0,2.0,0.2720311398915862,0.2720311398915862,3390.0,817.0,0.23560310816768695
220,3.0,0.6,0.0,0.0,0.20213661912224817,0.20213661912224817,1461.0,270.0,0.174734173103146
221,3.0,0.6,2.0,2.0,0.25572258316839375,0.25572258316839375,10378.0,2343.0,0.22274075021004433
222,3.0,0.6,2.0,2.0,0.16623338749719258,0.16623338749719258,1004.0,125.0,0.12037225688285587
223,3.0,0.6,2.0,2.0,0.23737466256818807,0.23737466256818807,2294.0,499.0,0.1945126656465691
224,3.0,0.7000000000000001,0.0,0.0,0.2528942452825615,0.2528942452825615,1004.0,181.0,0.1879272510476423
225,3.0,0.7000000000000001,1.0,1.0,0.22886923574036735,0.22886923574036735,1028.0,208.0,0.20082550582970657
226,3.0,0.7000000000000001,0.0,0.0,0.21557493132909183,0.21557493132909183,1004.0,168.0,0.17937216694932998
227,3.0,0.7000000000000001,1.0,1.0,0.31637186906388126,0.31637186906388126,1004.0,230.0,0.23952049752227492
228,3.0,0.7000000000000001,2.0,2.0,0.20986139298021242,0.20986139298021242,1511.0,279.0,0.18441818730374493
229,3.0,0.7000000000000001,2.0,2.0,0.23732048932605693,0.23732048932605693,24188.0,4991.0,0.2091444535973718
230,3.0,0.7000000000000001,2.0,2.0,0.32680094048662944,0.32680094048662944,1032.0,248.0,0.24878713375645437
231,3.0,0.7000000000000001,0.0,0.0,0.2144134136080108,0.2144134136080108,3863.0,722.0,0.18048025974885995
232,3.0,0.7000000000000001,2.0,2.0,0.27489621898620575,0.27489621898620575,6825.0,1627.0,0.23762939154862908
233,3.0,0.7000000000000001,2.0,2.0,0.21363652235434344,0.21363652235434344,2106.0,384.0,0.17202581399686037
234,3.0,0.7000000000000001,1.0,1.0,0.2874471358171514,0.2874471358171514,1039.0,230.0,0.20551670232133637
235,3.0,0.7000000000000001,0.0,0.0,0.27287811605435336,0.27287811605435336,4179.0,972.0,0.2389801803864056
236,3.0,0.7000000000000001,2.0,2.0,0.21008815630666527,0.21008815630666527,1004.0,147.0,0.1663668963370353
237,3.0,0.7000000000000001,2.0,2.0,0.19465133022077422,0.19465133022077422,1007.0,154.0,0.1660552623744895
238,3.0,0.7000000000000001,0.0,0.0,0.22741231492949535,0.22741231492949535,100003.0,20335.0,0.20459177703549777
239,3.0,0.7000000000000001,0.0,0.0,0.21921682571017587,0.21921682571017587,87271.0,18752.0,0.2137594813761676
240,3.0,0.8,0.0,0.0,0.23204507501871524,0.23204507501871524,29546.0,5792.0,0.20573327313461146
241,3.0,0.8,2.0,2.0,0.2589518880963926,0.2589518880963926,1097.0,239.0,0.22824740640778693
242,3.0,0.8,0.0,0.0,0.26898184245489976,0.26898184245489976,100003.0,22118.0,0.2290610837939175
243,3.0,0.8,1.0,1.0,0.18047063196350066,0.18047063196350066,8486.0,1415.0,0.16745735589615973
244,3.0,0.8,1.0,1.0,0.2616348508415452,0.2616348508415452,3525.0,891.0,0.24251299360081732
245,3.0,0.8,0.0,0.0,0.16871604486416744,0.16871604486416744,17661.0,2759.0,0.1578138821063058
246,3.0,0.8,2.0,2.0,0.28341600021303837,0.28341600021303837,1004.0,216.0,0.22817505643456118
247,3.0,0.8,0.0,0.0,0.2415680337674505,0.2415680337674505,1602.0,331.0,0.22094238035730399
248,3.0,0.8,0.0,0.0,0.19820465059641623,0.19820465059641623,14723.0,2499.0,0.17644778181358256
249,3.0,0.8,2.0,2.0,0.20702394430118998,0.20702394430118998,5342.0,890.0,0.17614920937106082
250,3.0,0.8,0.0,0.0,0.28138372818474944,0.28138372818474944,9223.0,2120.0,0.23872269750557804
251,3.0,0.8,1.0,1.0,0.24182130799768214,0.24182130799768214,1004.0,215.0,0.21464255881525726
252,3.0,0.8,2.0,2.0,0.3028712250345368,0.3028712250345368,1004.0,194.0,0.19370306739896545
253,3.0,0.8,1.0,1.0,0.2134815581930586,0.2134815581930586,24099.0,3810.0,0.1707557195159443
254,3.0,0.8,2.0,2.0,0.2611525650136632,0.2611525650136632,2304.0,393.0,0.18619148663451188
255,3.0,0.8,0.0,0.0,0.21658993196104828,0.21658993196104828,7031.0,1193.0,0.17791177402425393
256,4.0,0.1,3.0,3.0,0.26626285863936533,0.26626285863936533,10132.0,2540.0,0.21261869085667073
257,4.0,0.1,0.0,0.0,0.21303324064442353,0.21303324064442353,3873.0,765.0,0.19069485891590884
258,4.0,0.1,0.0,0.0,0.2562222187738178,0.2562222187738178,59860.0,14616.0,0.23704867067187785
259,4.0,0.1,2.0,2.0,0.3244116592709772,0.3244116592709772,1005.0,313.0,0.2131649391893048
260,4.0,0.1,0.0,0.0,0.3246533536600345,0.3246533536600345,4147.0,1258.0,0.26809859490106513
261,4.0,0.1,2.0,2.0,0.3239010958901505,0.3239010958901505,2155.0,642.0,0.19249890327838756
262,4.0,0.1,1.0,1.0,0.2577882931014759,0.2577882931014759,2285.0,564.0,0.19025418406140773
263,4.0,0.1,1.0,1.0,0.3278385568549841,0.3278385568549841,7946.0,2140.0,0.23463790056420786
264,4.0,0.1,1.0,2.0,0.2633920860000136,0.26166219056481294,1091.0,261.0,0.21997931910751684
265,4.0,0.1,0.0,0.0,0.23916962232346367,0.23916962232346367,10478.0,2361.0,0.17756311779515557
266,4.0,0.1,0.0,0.0,0.22006096443542955,0.22006096443542955,9297.0,2045.0,0.17677915277171524
267,4.0,0.1,1.0,1.0,0.22893701511360098,0.22893701511360098,1005.0,211.0,0.17385645234894806
268,4.0,0.1,0.0,0.0,0.22468357690104485,0.22468357690104485,34982.0,7602.0,0.17196462925997236
269,4.0,0.1,1.0,1.0,0.2942335605859252,0.2942335605859252,3114.0,875.0,0.2301157767481548
270,4.0,0.1,0.0,0.0,0.23874081360756025,0.23874081360756025,1870.0,403.0,0.17891734539198945
271,4.0,0.1,3.0,3.0,0.25903717256357145,0.25903717256357145,3694.0,931.0,0.20593985650676067
272,4.0,0.2,0.0,0.0,0.2623934525346414,0.2623934525346414,71001.0,18244.0,0.23645377276906743
273,4.0,0.2,3.0,3.0,0.2107808771669029,0.2107808771669029,1323.0,237.0,0.14557589944699703
274,4.0,0.2,0.0,0.0,0.28430283995755223,0.28430283995755223,11184.0,2973.0,0.22114643725533042
275,4.0,0.2,2.0,1.0,0.23124299037626286,0.22275413554799353,1065.0,217.0,0.19901224032941472
276,4.0,0.2,1.0,1.0,0.2747803818517707,0.2747803818517707,1686.0,431.0,0.18961238041041906
277,4.0,0.2,2.0,2.0,0.2622485477244963,0.2622485477244963,100004.0,25259.0,0.22733412756268215
278,4.0,0.2,2.0,2.0,0.2564237136501828,0.2564237136501828,12806.0,3168.0,0.2267253887489673
279,4.0,0.2,1.0,1.0,0.2394602563888801,0.2394602563888801,1136.0,255.0,0.17454672893423964
280,4.0,0.2,2.0,2.0,0.24651662583893286,0.24651662583893286,1094.0,244.0,0.16701254985425285
281,4.0,0.2,0.0,0.0,0.24568600625878148,0.24568600625878148,5092.0,1171.0,0.19723505460460872
282,4.0,0.2,3.0,3.0,0.29208542352991673,0.29208542352991673,1005.0,235.0,0.1475345893849222
283,4.0,0.2,3.0,3.0,0.2222242078702576,0.2222242078702576,6489.0,1354.0,0.19362890643556235
284,4.0,0.2,1.0,1.0,0.21730080500000934,0.21730080500000934,12251.0,2625.0,0.18790900117111395
285,4.0,0.2,0.0,0.0,0.28615648724609033,0.28615648724609033,4436.0,1214.0,0.20276446716432275
286,4.0,0.2,1.0,1.0,0.26974641162135243,0.26974641162135243,3639.0,945.0,0.2283015585408023
287,4.0,0.2,3.0,3.0,0.2380503693775965,0.2380503693775965,5686.0,1270.0,0.18371459365392256
288,4.0,0.30000000000000004,1.0,1.0,0.20348164949357803,0.20348164949357803,34325.0,6808.0,0.19147955043753234
289,4.0,0.30000000000000004,3.0,3.0,0.28244509382833394,0.28244509382833394,1005.0,231.0,0.17536273440436512
290,4.0,0.30000000000000004,1.0,1.0,0.22422603930611437,0.22422603930611437,28499.0,6121.0,0.2096835592082263
291,4.0,0.30000000000000004,2.0,2.0,0.2327852218074477,0.2327852218074477,6196.0,1374.0,0.20237787543846267
292,4.0,0.30000000000000004,3.0,3.0,0.18536294266682835,0.18536294266682835,7153.0,1162.0,0.15417864537410841
293,4.0,0.30000000000000004,2.0,2.0,0.21472923855665776,0.21472923855665776,4916.0,1018.0,0.1897206845655109
294,4.0,0.30000000000000004,0.0,0.0,0.2568583140025909,0.2568583140025909,20522.0,4811.0,0.20866647633872776
295,4.0,0.30000000000000004,2.0,2.0,0.21904102185956692,0.21904102185956692,1308.0,267.0,0.18027746573254594
296,4.0,0.30000000000000004,1.0,1.0,0.28645785297207976,0.28645785297207976,10495.0,2774.0,0.24157137945093038
297,4.0,0.30000000000000004,0.0,0.0,0.2432051191160437,0.2432051191160437,62140.0,13562.0,0.1837469756696248
298,4.0,0.30000000000000004,2.0,2.0,0.27384183706938314,0.27384183706938314,1213.0,298.0,0.20950419353000302
299,4.0,0.30000000000000004,1.0,1.0,0.23659500650407037,0.23659500650407037,8447.0,1832.0,0.1999489954842272
300,4.0,0.30000000000000004,0.0,0.0,0.21796520101533948,0.21796520101533948,8402.0,1772.0,0.19793146629809605
301,4.0,0.30000000000000004,3.0,3.0,0.20594086753840968,0.20594086753840968,7163.0,1365.0,0.18408379121000057
302,4.0,0.30000000000000004,3.0,3.0,0.2894508516934763,0.2894508516934763,3368.0,807.0,0.24197711989024184
303,4.0,0.30000000000000004,0.0,0.0,0.21165014337192023,0.21165014337192023,1228.0,197.0,0.16333179190259628
304,4.0,0.4,1.0,1.0,0.20448560499663246,0.20448560499663246,1925.0,348.0,0.16412355861267075
305,4.0,0.4,2.0,2.0,0.1798625683324138,0.1798625683324138,100004.0,17270.0,0.16762540960393896
306,4.0,0.4,1.0,1.0,0.23843894782578234,0.23843894782578234,8925.0,1755.0,0.17209054468645707
307,4.0,0.4,2.0,2.0,0.26806125502656797,0.26806125502656797,2507.0,581.0,0.2103675224855855
308,4.0,0.4,1.0,1.0,0.304939196072491,0.304939196072491,1005.0,212.0,0.1838702202658073
309,4.0,0.4,3.0,3.0,0.2196483617139785,0.2196483617139785,2033.0,411.0,0.196955455498536
310,4.0,0.4,3.0,3.0,0.3037965757644448,0.3037965757644448,1005.0,242.0,0.22715401886649195
311,4.0,0.4,0.0,0.0,0.2592818350433722,0.2592818350433722,4165.0,979.0,0.20907829282907273
312,4.0,0.4,0.0,0.0,0.27818437756169145,0.27818437756169145,1005.0,228.0,0.1943411896125272
313,4.0,0.4,0.0,1.0,0.25182155881979035,0.23936464719880166,3227.0,711.0,0.21353025968729142
314,4.0,0.4,2.0,2.0,0.284714467974644,0.284714467974644,3269.0,839.0,0.2176511463175791
315,4.0,0.4,0.0,0.0,0.28064502657238033,0.28064502657238033,2867.0,656.0,0.2200356831889243
316,4.0,0.4,2.0,2.0,0.27083899180872767,0.27083899180872767,1519.0,378.0,0.21344506092876625
317,4.0,0.4,0.0,2.0,0.2244141953699709,0.22299607843465238,100004.0,20323.0,0.18526573237208685
318,4.0,0.4,3.0,3.0,0.26586200405111426,0.26586200405111426,15608.0,3748.0,0.21382472618912476
319,4.0,0.4,3.0,3.0,0.2710547789377832,0.2710547789377832,2705.0,679.0,0.23214799562577518
320,4.0,0.5,3.0,3.0,0.2482273939858794,0.2482273939858794,10819.0,2379.0,0.20167535106141904
321,4.0,0.5,3.0,3.0,0.2641354618123447,0.2641354618123447,13935.0,3269.0,0.2233330464092615
322,4.0,0.5,1.0,1.0,0.22694093563449128,0.22694093563449128,1553.0,316.0,0.18668207267071146
323,4.0,0.5,2.0,2.0,0.29600253210805894,0.29600253210805894,1005.0,235.0,0.20428893312100901
324,4.0,0.5,3.0,3.0,0.3118179839630418,0.3118179839630418,1073.0,263.0,0.2317463675537315
325,4.0,0.5,1.0,1.0,0.25915546991401855,0.25915546991401855,1370.0,316.0,0.2065695445595838
326,4.0,0.5,1.0,1.0,0.2306450354602611,0.2306450354602611,1220.0,222.0,0.16536500387026903
327,4.0,0.5,1.0,1.0,0.23820543089321888,0.23820543089321888,5754.0,1139.0,0.18013187486566723
328,4.0,0.5,1.0,1.0,0.19015173800646795,0.19015173800646795,10954.0,1876.0,0.1631413265213439
329,4.0,0.5,0.0,0.0,0.2545144881823942,0.2545144881823942,1005.0,242.0,0.20785107905579817
330,4.0,0.5,1.0,1.0,0.20000764825007034,0.20000764825007034,19018.0,3328.0,0.17038931081943032
331,4.0,0.5,1.0,1.0,0.2495808770538229,0.2495808770538229,56228.0,13236.0,0.22427297207742455
332,4.0,0.5,1.0,1.0,0.24747866999011314,0.24747866999011314,7808.0,1800.0,0.22395225357895776
333,4.0,0.5,2.0,2.0,0.21028590649074022,0.21028590649074022,33924.0,6512.0,0.18450328590600681
334,4.0,0.5,3.0,3.0,0.2572445615186192,0.2572445615186192,1005.0,176.0,0.15755305228630728
335,4.0,0.5,1.0,1.0,0.30400272552174823,0.30400272552174823,1005.0,258.0,0.21350489686259627
336,4.0,0.6,2.0,2.0,0.2888710047293029,0.2888710047293029,1005.0,225.0,0.1936922475925123
337,4.0,0.6,1.0,1.0,0.2187957547573709,0.2187957547573709,1682.0,304.0,0.19203017176615625
338,4.0,0.6,2.0,2.0,0.2134291658285324,0.2134291658285324,2582.0,457.0,0.1582398856723015
339,4.0,0.6,0.0,0.0,0.2214297504626748,0.2214297504626748,100004.0,21356.0,0.21137584732661016
340,4.0,0.6,1.0,1.0,0.23180115186112904,0.23180115186112904,13396.0,2675.0,0.1926442403291815
341,4.0,0.6,0.0,0.0,0.297015058613198,0.297015058613198,1005.0,244.0,0.2335727706175464
342,4.0,0.6,2.0,2.0,0.2439406000154599,0.2439406000154599,2030.0,432.0,0.20398573452588686
343,4.0,0.6,1.0,1.0,0.20256327836787807,0.20256327836787807,22383.0,3819.0,0.1678353702904734
344,4.0,0.6,3.0,3.0,0.17727606304444807,0.17727606304444807,2056.0,344.0,0.16069016220590485
345,4.0,0.6,0.0,0.0,0.2872421938960057,0.2872421938960057,1005.0,218.0,0.2133443134997765
346,4.0,0.6,0.0,0.0,0.21519244395134207,0.21519244395134207,21474.0,4255.0,0.19780200477274715
347,4.0,0.6,3.0,3.0,0.2752817338664033,0.2752817338664033,2489.0,530.0,0.21164260814488653
348,4.0,0.6,0.0,0.0,0.25109334734835137,0.25109334734835137,2745.0,632.0,0.22439305754300384
349,4.0,0.6,3.0,3.0,0.21127290694779985,0.21127290694779985,34384.0,6167.0,0.17780982219774466
350,4.0,0.6,3.0,3.0,0.2221013366928539,0.2221013366928539,6949.0,1364.0,0.18241046740445976
351,4.0,0.6,0.0,0.0,0.22637169004859625,0.22637169004859625,1573.0,266.0,0.16554210900108943
352,4.0,0.7000000000000001,2.0,2.0,0.24177306913970328,0.24177306913970328,2671.0,530.0,0.19089371661961255
353,4.0,0.7000000000000001,1.0,1.0,0.22989206454254005,0.22989206454254005,1381.0,257.0,0.17756359264079485
354,4.0,0.7000000000000001,2.0,2.0,0.18370883829810988,0.18370883829810988,1005.0,127.0,0.131484231212727
355,4.0,0.7000000000000001,1.0,1.0,0.2139600554555622,0.2139600554555622,1012.0,173.0,0.1715827039247054
356,4.0,0.7000000000000001,1.0,1.0,0.21111277161757463,0.21111277161757463,1006.0,158.0,0.15654008292175442
357,4.0,0.7000000000000001,0.0,0.0,0.23616947361320698,0.23616947361320698,6314.0,1156.0,0.17596794490900003
358,4.0,0.7000000000000001,2.0,2.0,0.2762473673553044,0.2762473673553044,9450.0,2118.0,0.2221325583142078
359,4.0,0.7000000000000001,3.0,3.0,0.24559116029118078,0.24559116029118078,6929.0,1386.0,0.19655461487656978
360,4.0,0.7000000000000001,1.0,0.0,0.2191567846583015,0.2183175388110921,1621.0,317.0,0.20060470488659438
361,4.0,0.7000000000000001,3.0,3.0,0.25822374385652697,0.25822374385652697,1229.0,295.0,0.21671443506928267
362,4.0,0.7000000000000001,1.0,1.0,0.2517915652911021,0.2517915652911021,2775.0,553.0,0.18694368413290244
363,4.0,0.7000000000000001,0.0,0.0,0.25171894750314333,0.25171894750314333,1005.0,185.0,0.17952844223230605
364,4.0,0.7000000000000001,2.0,2.0,0.2159825195751519,0.2159825195751519,87321.0,16774.0,0.19029890030170987
365,4.0,0.7000000000000001,2.0,2.0,0.25293893810262646,0.25293893810262646,1005.0,193.0,0.1603866531486144
366,4.0,0.7000000000000001,1.0,1.0,0.2494177652818568,0.2494177652818568,2987.0,567.0,0.18433209620021396
367,4.0,0.7000000000000001,2.0,2.0,0.19253247192088832,0.19253247192088832,40073.0,7240.0,0.17967819199514118
368,4.0,0.8,3.0,3.0,0.2689384839936691,0.2689384839936691,11333.0,2644.0,0.2354454694024512
369,4.0,0.8,0.0,0.0,0.21799685289002046,0.21799685289002046,31578.0,6042.0,0.1944131831007543
370,4.0,0.8,3.0,3.0,0.31765136381057746,0.31765136381057746,1005.0,183.0,0.18990121359907236
371,4.0,0.8,0.0,0.0,0.2221202382845474,0.2221202382845474,1108.0,204.0,0.17936652808880776
372,4.0,0.8,0.0,0.0,0.24724411789118245,0.24724411789118245,77293.0,18225.0,0.23450021551650285
373,4.0,0.8,3.0,3.0,0.28233745078556,0.28233745078556,1005.0,209.0,0.20646706585363034
374,4.0,0.8,1.0,1.0,0.19999386336386693,0.19999386336386693,100004.0,18817.0,0.18896775421504167
375,4.0,0.8,3.0,3.0,0.2501492966374592,0.2501492966374592,8293.0,1577.0,0.19255502715859202
376,4.0,0.8,1.0,1.0,0.257306870291899,0.257306870291899,3491.0,750.0,0.21646676046923097
377,4.0,0.8,2.0,2.0,0.20750273390392518,0.20750273390392518,19392.0,3296.0,0.17163348339215156
378,4.0,0.8,0.0,3.0,0.25659933001394836,0.23359521416955545,1643.0,322.0,0.20772389845298914
379,4.0,0.8,0.0,0.0,0.255295088636542,0.255295088636542,34463.0,7432.0,0.21529705793759718
380,4.0,0.8,3.0,3.0,0.2495376985034019,0.2495376985034019,1792.0,369.0,0.20412344795023887
381,4.0,0.8,0.0,0.0,0.19898462395149186,0.19898462395149186,5199.0,696.0,0.13645762625205793
382,4.0,0.8,1.0,1.0,0.3152587961461715,0.3152587961461715,1324.0,272.0,0.21039654967182722
383,4.0,0.8,1.0,1.0,0.2012825476774888,0.2012825476774888,4085.0,653.0,0.1602254764798414
384,5.0,0.1,4.0,4.0,0.2462209194400976,0.2462209194400976,11618.0,2764.0,0.20700606384248915
385,5.0,0.1,3.0,3.0,0.21538387035847442,0.21538387035847442,1864.0,364.0,0.1727613979050781
386,5.0,0.1,3.0,3.0,0.2548406357272025,0.2548406357272025,1205.0,254.0,0.18828149463920596
387,5.0,0.1,1.0,1.0,0.24563630916325382,0.24563630916325382,2292.0,508.0,0.21136029834190784
388,5.0,0.1,2.0,2.0,0.30250139817642846,0.30250139817642846,4723.0,1328.0,0.23286229512539589
389,5.0,0.1,3.0,3.0,0.2534358610018456,0.2534358610018456,100005.0,24946.0,0.21295222205124711
390,5.0,0.1,0.0,0.0,0.2804886312970793,0.2804886312970793,5224.0,1452.0,0.21223767266329632
391,5.0,0.1,3.0,3.0,0.23053574112593034,0.23053574112593034,94204.0,21233.0,0.19523088203817238
392,5.0,0.1,2.0,2.0,0.2412837636100565,0.2412837636100565,1006.0,249.0,0.2152383829583015
393,5.0,0.1,1.0,0.0,0.21893813560377187,0.2131772484716524,8240.0,1703.0,0.17985599199688465
394,5.0,0.1,2.0,2.0,0.2964819424922455,0.2964819424922455,1006.0,247.0,0.23572725230121866
395,5.0,0.1,2.0,2.0,0.27235879574229743,0.27235879574229743,2054.0,537.0,0.21080855405748208
396,5.0,0.1,1.0,1.0,0.1913101004307374,0.1913101004307374,10588.0,1898.0,0.16659657021766364
397,5.0,0.1,4.0,4.0,0.27570193322907505,0.27570193322907505,3431.0,750.0,0.20083138667074504
398,5.0,0.1,0.0,4.0,0.211004660100844,0.18938056468660985,1006.0,191.0,0.17905439169115384
399,5.0,0.1,3.0,3.0,0.2849614943164522,0.2849614943164522,11569.0,3254.0,0.21664810732600964
400,5.0,0.2,2.0,2.0,0.23687350513778047,0.23687350513778047,4959.0,1145.0,0.19648835769208067
401,5.0,0.2,2.0,2.0,0.25097232372298917,0.25097232372298917,6800.0,1602.0,0.20200745092082953
402,5.0,0.2,3.0,3.0,0.28217043845377193,0.28217043845377193,1006.0,226.0,0.19944896042110377
403,5.0,0.2,4.0,4.0,0.29463528878025796,0.29463528878025796,1661.0,452.0,0.21839860056430052
404,5.0,0.2,1.0,4.0,0.2329828710203513,0.23291388933665802,61799.0,13791.0,0.184252860156534
405,5.0,0.2,0.0,0.0,0.2974622176419154,0.2974622176419154,3975.0,1081.0,0.2015333460267564
406,5.0,0.2,1.0,1.0,0.264041008165522,0.264041008165522,20195.0,5033.0,0.19907119395488843
407,5.0,0.2,2.0,2.0,0.3114249916574495,0.3114249916574495,30059.0,8689.0,0.24324779830818138
408,5.0,0.2,4.0,4.0,0.2501058809205481,0.2501058809205481,1047.0,221.0,0.1450437883367606
409,5.0,0.2,4.0,4.0,0.2574453790010461,0.2574453790010461,2167.0,465.0,0.20480235122891138
410,5.0,0.2,4.0,4.0,0.30136974283032886,0.30136974283032886,1026.0,272.0,0.19084857643551914
411,5.0,0.2,4.0,4.0,0.23437313042370272,0.23437313042370272,100005.0,22779.0,0.2141631281746054
412,5.0,0.2,2.0,2.0,0.24388827969576138,0.24388827969576138,34461.0,7743.0,0.18635372705326395
413,5.0,0.2,2.0,3.0,0.2532379007820062,0.23678614514437113,100005.0,23044.0,0.2180021332901024
414,5.0,0.2,3.0,3.0,0.33986112792166945,0.33986112792166945,2741.0,843.0,0.24215206190356944
415,5.0,0.2,4.0,4.0,0.22774491573171854,0.22774491573171854,100005.0,21403.0,0.19945113029910458
416,5.0,0.30000000000000004,3.0,3.0,0.24459384781355512,0.24459384781355512,10379.0,2241.0,0.19659241898325833
417,5.0,0.30000000000000004,2.0,2.0,0.35804731528665823,0.35804731528665823,1006.0,292.0,0.23423073962468033
418,5.0,0.30000000000000004,4.0,4.0,0.32372786936867787,0.32372786936867787,1306.0,346.0,0.19179758249228213
419,5.0,0.30000000000000004,4.0,4.0,0.1945189736222864,0.1945189736222864,13426.0,2283.0,0.14238992182701632
420,5.0,0.30000000000000004,3.0,3.0,0.3051726464716997,0.3051726464716997,2965.0,779.0,0.22826744477011465
421,5.0,0.30000000000000004,4.0,4.0,0.32083015876914434,0.32083015876914434,45227.0,12815.0,0.2244204996005867
422,5.0,0.30000000000000004,2.0,2.0,0.2829093078481585,0.2829093078481585,100005.0,26399.0,0.23403909586530974
423,5.0,0.30000000000000004,0.0,1.0,0.2175808876483932,0.2168833116244935,100005.0,21298.0,0.20552418110036302
424,5.0,0.30000000000000004,1.0,1.0,0.3099230831359613,0.3099230831359613,1516.0,419.0,0.21120666887059486
425,5.0,0.30000000000000004,0.0,0.0,0.2889961961489992,0.2889961961489992,4935.0,1281.0,0.2093050672277783
426,5.0,0.30000000000000004,3.0,3.0,0.18990330067722955,0.18990330067722955,100005.0,17872.0,0.1617064302009067
427,5.0,0.30000000000000004,2.0,2.0,0.23271377416447003,0.23271377416447003,6716.0,1490.0,0.1926458251843602
428,5.0,0.30000000000000004,4.0,4.0,0.25365027910264004,0.25365027910264004,6303.0,1463.0,0.19888779530616776
429,5.0,0.30000000000000004,4.0,4.0,0.22875818213540164,0.22875818213540164,3244.0,652.0,0.16775268943394228
430,5.0,0.30000000000000004,0.0,0.0,0.2980048739210993,0.2980048739210993,1548.0,438.0,0.22695445429343972
431,5.0,0.30000000000000004,3.0,3.0,0.24109541153335462,0.24109541153335462,18158.0,3733.0,0.18536602901772875
432,5.0,0.4,2.0,0.0,0.24953575225473576,0.24943486920280983,100005.0,23922.0,0.22602172079110122
433,5.0,0.4,3.0,4.0,0.25429000877935737,0.2525087960894195,100005.0,24093.0,0.23556731785503607
434,5.0,0.4,2.0,2.0,0.23446447736006157,0.23446447736006157,100005.0,22226.0,0.20552034093662055
435,5.0,0.4,4.0,4.0,0.23233350559509974,0.23233350559509974,15639.0,3341.0,0.1822684090533561
436,5.0,0.4,3.0,3.0,0.30227187544082923,0.30227187544082923,1105.0,266.0,0.20295933435424857
437,5.0,0.4,4.0,4.0,0.25422536561211834,0.25422536561211834,28665.0,6581.0,0.21143163851117697
438,5.0,0.4,2.0,2.0,0.2885871093625697,0.2885871093625697,6244.0,1559.0,0.22569251865235462
439,5.0,0.4,4.0,4.0,0.2344557870050497,0.2344557870050497,1989.0,432.0,0.1933059099659083
440,5.0,0.4,0.0,0.0,0.23699525740026212,0.23699525740026212,4424.0,968.0,0.19371743200762845
441,5.0,0.4,2.0,2.0,0.2486328496096421,0.2486328496096421,4007.0,915.0,0.1979722675706716
442,5.0,0.4,1.0,1.0,0.2526516927692839,0.2526516927692839,6374.0,1468.0,0.18878878778881067
443,5.0,0.4,2.0,2.0,0.24030369363380474,0.24030369363380474,1614.0,335.0,0.1930600594418
444,5.0,0.4,1.0,1.0,0.245306253214377,0.245306253214377,1006.0,221.0,0.18755647346942647
445,5.0,0.4,4.0,4.0,0.24141420255894214,0.24141420255894214,1911.0,418.0,0.21000662836288467
446,5.0,0.4,3.0,3.0,0.28272933930299576,0.28272933930299576,4002.0,957.0,0.24038071371102226
447,5.0,0.4,3.0,3.0,0.24448519320868095,0.24448519320868095,14731.0,2922.0,0.18133464937241628
448,5.0,0.5,2.0,2.0,0.2943083213084531,0.2943083213084531,1044.0,219.0,0.18771060009336643
449,5.0,0.5,3.0,3.0,0.23946927873988927,0.23946927873988927,2504.0,528.0,0.1942765173764518
450,5.0,0.5,4.0,0.0,0.23961364172536181,0.23668102151996068,100005.0,22245.0,0.21475336990308022
451,5.0,0.5,3.0,3.0,0.3059634435608958,0.3059634435608958,1796.0,433.0,0.2045601365376668
452,5.0,0.5,2.0,2.0,0.3234981128070533,0.3234981128070533,1925.0,488.0,0.21318988730283248
453,5.0,0.5,1.0,1.0,0.2605231505962899,0.2605231505962899,2052.0,431.0,0.1858006178949127
454,5.0,0.5,2.0,2.0,0.2836687289337679,0.2836687289337679,2021.0,467.0,0.21900282955222683
455,5.0,0.5,2.0,2.0,0.2337873245057788,0.2337873245057788,2475.0,502.0,0.19030404974183035
456,5.0,0.5,4.0,4.0,0.2592305945307088,0.2592305945307088,4505.0,996.0,0.21794280036565175
457,5.0,0.5,0.0,0.0,0.2321405589495828,0.2321405589495828,22782.0,4948.0,0.20852951059026853
458,5.0,0.5,3.0,3.0,0.23483899201077757,0.23483899201077757,15773.0,3224.0,0.18513715226430252
459,5.0,0.5,3.0,3.0,0.30184553083316995,0.30184553083316995,1372.0,338.0,0.20318047528751998
460,5.0,0.5,4.0,4.0,0.32153749443688845,0.32153749443688845,1462.0,410.0,0.22545465089412203
461,5.0,0.5,3.0,3.0,0.2196417101315472,0.2196417101315472,70959.0,13641.0,0.18058035173658907
462,5.0,0.5,2.0,2.0,0.27470122712958756,0.27470122712958756,1006.0,230.0,0.17150258596543133
463,5.0,0.5,0.0,0.0,0.21414703748891412,0.21414703748891412,100005.0,20215.0,0.19640742553351864
464,5.0,0.6,3.0,3.0,0.315867413942849,0.315867413942849,3670.0,864.0,0.2205746553158506
465,5.0,0.6,3.0,3.0,0.2514158762756829,0.2514158762756829,100005.0,21581.0,0.20563671074605444
466,5.0,0.6,1.0,1.0,0.24350614909024854,0.24350614909024854,3304.0,704.0,0.19615723653564088
467,5.0,0.6,0.0,0.0,0.26835299355262054,0.26835299355262054,1523.0,304.0,0.20591033033446998
468,5.0,0.6,1.0,1.0,0.2772770298644179,0.2772770298644179,24367.0,5704.0,0.22443527180786207
469,5.0,0.6,1.0,1.0,0.2706205179731689,0.2706205179731689,1079.0,235.0,0.17813994823487167
470,5.0,0.6,0.0,0.0,0.27676289064742116,0.27676289064742116,58913.0,14181.0,0.23150208862378302
471,5.0,0.6,1.0,4.0,0.2119800688159934,0.2002095846594253,1442.0,247.0,0.1795713523954239
472,5.0,0.6,1.0,1.0,0.3172547973796327,0.3172547973796327,1668.0,387.0,0.2140595896312262
473,5.0,0.6,3.0,3.0,0.27207393968671345,0.27207393968671345,3725.0,765.0,0.19049632816987297
474,5.0,0.6,3.0,4.0,0.2326387901196606,0.22814075098815345,100005.0,21064.0,0.20473404915368104
475,5.0,0.6,1.0,1.0,0.2809532928120872,0.2809532928120872,1103.0,231.0,0.2206304209163196
476,5.0,0.6,4.0,4.0,0.27307281704048864,0.27307281704048864,1188.0,234.0,0.1888212132512414
477,5.0,0.6,1.0,1.0,0.2326158467486464,0.2326158467486464,1015.0,200.0,0.186479100894618
478,5.0,0.6,3.0,3.0,0.29379034791001735,0.29379034791001735,2794.0,614.0,0.18513366611240922
479,5.0,0.6,2.0,2.0,0.22314173123170294,0.22314173123170294,100005.0,20053.0,0.1922442379472363
480,5.0,0.7000000000000001,4.0,4.0,0.25572627606247156,0.25572627606247156,1185.0,218.0,0.1743017368399199
481,5.0,0.7000000000000001,3.0,3.0,0.2504970370675735,0.2504970370675735,94452.0,20323.0,0.20998021989128085
482,5.0,0.7000000000000001,0.0,0.0,0.23186661478426235,0.23186661478426235,100005.0,20080.0,0.19570178971968688
483,5.0,0.7000000000000001,1.0,1.0,0.2816557002657185,0.2816557002657185,1006.0,246.0,0.22469105282754084
484,5.0,0.7000000000000001,0.0,0.0,0.2858595418756947,0.2858595418756947,1006.0,227.0,0.19893512061430935
485,5.0,0.7000000000000001,1.0,1.0,0.28124226180766376,0.28124226180766376,4564.0,1028.0,0.21772248290647211
486,5.0,0.7000000000000001,3.0,3.0,0.20592049855675265,0.20592049855675265,2424.0,375.0,0.16027336719579793
487,5.0,0.7000000000000001,0.0,0.0,0.23877631625840595,0.23877631625840595,4204.0,890.0,0.2022905971611535
488,5.0,0.7000000000000001,2.0,2.0,0.26532085304036923,0.26532085304036923,8976.0,2036.0,0.22044349535440327
489,5.0,0.7000000000000001,4.0,4.0,0.24442603925471887,0.24442603925471887,3565.0,703.0,0.18782978476015302
490,5.0,0.7000000000000001,4.0,4.0,0.25686662858972,0.25686662858972,44159.0,9422.0,0.2058646995533273
491,5.0,0.7000000000000001,3.0,3.0,0.24264299987138493,0.24264299987138493,8992.0,1772.0,0.1931591601978636
492,5.0,0.7000000000000001,2.0,2.0,0.2443137124209129,0.2443137124209129,6252.0,1281.0,0.2002850160819297
493,5.0,0.7000000000000001,2.0,2.0,0.26804834720705173,0.26804834720705173,2086.0,475.0,0.22331614544244133
494,5.0,0.7000000000000001,2.0,2.0,0.2780942150335802,0.2780942150335802,1006.0,209.0,0.19916805011400046
495,5.0,0.7000000000000001,1.0,1.0,0.23230470618721685,0.23230470618721685,61529.0,11821.0,0.18722912821037324
496,5.0,0.8,0.0,0.0,0.256032625534441,0.256032625534441,4433.0,958.0,0.21199077270488198
497,5.0,0.8,3.0,3.0,0.28230006267400043,0.28230006267400043,1957.0,403.0,0.19869906551953093
498,5.0,0.8,1.0,1.0,0.28905605352162017,0.28905605352162017,5113.0,1201.0,0.232573321659302
499,5.0,0.8,2.0,2.0,0.286023331531338,0.286023331531338,2212.0,465.0,0.20943215092472411
500,5.0,0.8,1.0,1.0,0.26275821120620907,0.26275821120620907,22864.0,4997.0,0.2191607983815281
501,5.0,0.8,2.0,2.0,0.23730413219063562,0.23730413219063562,100005.0,20512.0,0.20529015521967803
502,5.0,0.8,0.0,1.0,0.3178258720779418,0.31653297050269913,27079.0,6030.0,0.22423358756881057
503,5.0,0.8,3.0,3.0,0.2636345110291647,0.2636345110291647,1206.0,253.0,0.20730064694708128
504,5.0,0.8,1.0,1.0,0.26830157815322486,0.26830157815322486,5914.0,1246.0,0.2133702960044225
505,5.0,0.8,0.0,0.0,0.25038360008300536,0.25038360008300536,84825.0,17837.0,0.208169591413042
506,5.0,0.8,3.0,3.0,0.26108120208190577,0.26108120208190577,1318.0,289.0,0.22798433198776183
507,5.0,0.8,2.0,2.0,0.2284620955268725,0.2284620955268725,1006.0,180.0,0.18239435792078162
508,5.0,0.8,1.0,1.0,0.2661080717684249,0.2661080717684249,1565.0,268.0,0.1753837102617311
509,5.0,0.8,4.0,4.0,0.2171911114495772,0.2171911114495772,44087.0,7618.0,0.17383715443384143
510,5.0,0.8,3.0,3.0,0.27968924473409995,0.27968924473409995,1006.0,170.0,0.1821401918051147
511,5.0,0.8,1.0,1.0,0.279967184263936,0.279967184263936,30085.0,7133.0,0.23641221328965437
512,10.0,0.1,7.0,7.0,0.2731212974436098,0.2731212974436098,1924.0,468.0,0.19432364694721008
513,10.0,0.1,9.0,8.0,0.2486949761654245,0.24829428198575965,53251.0,12983.0,0.19672411883434773
514,10.0,0.1,4.0,4.0,0.29540905627102704,0.29540905627102704,39186.0,10098.0,0.2349122120221546
515,10.0,0.1,1.0,1.0,0.23451128481980504,0.23451128481980504,100010.0,22856.0,0.19855510965444836
516,10.0,0.1,4.0,4.0,0.2594819205783349,0.2594819205783349,2863.0,550.0,0.18450258626973018
517,10.0,0.1,7.0,7.0,0.2867950394217667,0.2867950394217667,59040.0,16416.0,0.20023783463890976
518,10.0,0.1,0.0,0.0,0.29603610720623075,0.29603610720623075,100010.0,28359.0,0.20885369404579776
519,10.0,0.1,2.0,2.0,0.24684339877612896,0.24684339877612896,26282.0,6255.0,0.18587178227409734
520,10.0,0.1,2.0,2.0,0.28957804151565386,0.28957804151565386,1011.0,263.0,0.17294342784667133
521,10.0,0.1,2.0,2.0,0.24854937246664405,0.24854937246664405,100010.0,24326.0,0.19912029077261345
522,10.0,0.1,7.0,7.0,0.2406595330754389,0.2406595330754389,100010.0,23750.0,0.22119538481041778
523,10.0,0.1,1.0,1.0,0.28342090196144637,0.28342090196144637,55670.0,15546.0,0.21485442334967447
524,10.0,0.1,6.0,6.0,0.28010709612027734,0.28010709612027734,100010.0,27558.0,0.2295748589623575
525,10.0,0.1,7.0,7.0,0.29467078448603645,0.29467078448603645,8210.0,2035.0,0.19464156068239147
526,10.0,0.1,9.0,9.0,0.2568105530807814,0.2568105530807814,6292.0,1487.0,0.19124629150542177
527,10.0,0.1,1.0,1.0,0.2635269776935901,0.2635269776935901,100010.0,25923.0,0.20761304302230482
528,10.0,0.2,8.0,8.0,0.324020403984314,0.324020403984314,82717.0,24704.0,0.2322516301001319
529,10.0,0.2,1.0,1.0,0.24881764344470858,0.24881764344470858,23616.0,5513.0,0.17547308426033295
530,10.0,0.2,0.0,0.0,0.324155899102636,0.324155899102636,3875.0,1062.0,0.2286643782362135
531,10.0,0.2,5.0,5.0,0.2696045143127316,0.2696045143127316,100010.0,25840.0,0.21499347281156916
532,10.0,0.2,0.0,0.0,0.2572174389500178,0.2572174389500178,100010.0,24428.0,0.20713756250871435
533,10.0,0.2,9.0,9.0,0.28063036206788794,0.28063036206788794,6462.0,1456.0,0.18948077540514047
534,10.0,0.2,5.0,5.0,0.23210152148903507,0.23210152148903507,3265.0,636.0,0.17033237620297398
535,10.0,0.2,0.0,0.0,0.26979551161252135,0.26979551161252135,20695.0,5161.0,0.18365211483834812
536,10.0,0.2,1.0,1.0,0.26006886495809056,0.26006886495809056,4191.0,941.0,0.19908753754861178
537,10.0,0.2,9.0,9.0,0.28459750467959716,0.28459750467959716,1702.0,399.0,0.21569666529388445
538,10.0,0.2,3.0,3.0,0.2826176385965855,0.2826176385965855,1011.0,220.0,0.18680949758925297
539,10.0,0.2,0.0,0.0,0.2910341962465217,0.2910341962465217,4677.0,1269.0,0.19439344706393064
540,10.0,0.2,9.0,9.0,0.23848652621087768,0.23848652621087768,2222.0,400.0,0.1786136668333564
541,10.0,0.2,8.0,8.0,0.30840926712666755,0.30840926712666755,7672.0,2240.0,0.2057493911136185
542,10.0,0.2,9.0,9.0,0.26757952746454045,0.26757952746454045,10459.0,2402.0,0.18653523297481062
543,10.0,0.2,7.0,7.0,0.3104062799607922,0.3104062799607922,15916.0,4730.0,0.22271388508884482
544,10.0,0.30000000000000004,9.0,9.0,0.24209743895299285,0.24209743895299285,20789.0,4637.0,0.19473207740076698
545,10.0,0.30000000000000004,3.0,3.0,0.2663113787098821,0.2663113787098821,40491.0,8846.0,0.1992502691613294
546,10.0,0.30000000000000004,8.0,8.0,0.2850382333182557,0.2850382333182557,26283.0,6921.0,0.20426835735041243
547,10.0,0.30000000000000004,3.0,3.0,0.24246204990548828,0.24246204990548828,18635.0,4062.0,0.20558574782059397
548,10.0,0.30000000000000004,2.0,2.0,0.3063739954081746,0.3063739954081746,1409.0,326.0,0.19293089271860012
549,10.0,0.30000000000000004,7.0,7.0,0.24777845285292438,0.24777845285292438,5498.0,1093.0,0.1881713813208327
550,10.0,0.30000000000000004,0.0,0.0,0.2906238188460946,0.2906238188460946,1806.0,459.0,0.18221022340444265
551,10.0,0.30000000000000004,3.0,3.0,0.24573627078567337,0.24573627078567337,35738.0,7967.0,0.17658212412567834
552,10.0,0.30000000000000004,3.0,5.0,0.24422693141193497,0.24088742503221014,21057.0,4697.0,0.192792862588765
553,10.0,0.30000000000000004,4.0,4.0,0.26491055908062555,0.26491055908062555,12497.0,3030.0,0.20298721935971895
554,10.0,0.30000000000000004,0.0,0.0,0.2765563121583396,0.2765563121583396,7267.0,1773.0,0.21011432688152792
555,10.0,0.30000000000000004,5.0,8.0,0.27278809281328603,0.2610542117441307,100010.0,23841.0,0.19572013246120662
556,10.0,0.30000000000000004,3.0,3.0,0.2684746831594339,0.2684746831594339,68416.0,16572.0,0.20000032324113323
557,10.0,0.30000000000000004,8.0,8.0,0.3053292315758141,0.3053292315758141,42988.0,11776.0,0.21799326883400663
558,10.0,0.30000000000000004,6.0,6.0,0.2818989298346081,0.2818989298346081,64824.0,16895.0,0.22202291530449586
559,10.0,0.30000000000000004,0.0,0.0,0.29273239353690855,0.29273239353690855,16405.0,4339.0,0.20165855068690058
560,10.0,0.4,6.0,6.0,0.31464493686914863,0.31464493686914863,7847.0,2101.0,0.2200650323804776
561,10.0,0.4,9.0,9.0,0.37277261060523725,0.37277261060523725,1570.0,444.0,0.20412982135772592
562,10.0,0.4,9.0,9.0,0.27319026095453935,0.27319026095453935,28794.0,6976.0,0.20499939312815113
563,10.0,0.4,6.0,6.0,0.23914431055623256,0.23914431055623256,64489.0,13879.0,0.19575606785792682
564,10.0,0.4,6.0,6.0,0.28031705003068585,0.28031705003068585,9086.0,1915.0,0.19326587312089166
565,10.0,0.4,1.0,1.0,0.29185151162000317,0.29185151162000317,2722.0,618.0,0.19261268999909448
566,10.0,0.4,7.0,7.0,0.3060292925191387,0.3060292925191387,5518.0,1302.0,0.20995264847583295
567,10.0,0.4,5.0,2.0,0.26390358616212695,0.25933826178622277,100010.0,23618.0,0.19357668981223164
568,10.0,0.4,7.0,7.0,0.3228958201404193,0.3228958201404193,3334.0,827.0,0.19541446700304504
569,10.0,0.4,0.0,0.0,0.2504652177739163,0.2504652177739163,34476.0,7615.0,0.1978775266626291
570,10.0,0.4,3.0,3.0,0.24365983254363632,0.24365983254363632,100010.0,21433.0,0.17322112910666607
571,10.0,0.4,9.0,9.0,0.2633750409925831,0.2633750409925831,1086.0,222.0,0.18992660699932679
572,10.0,0.4,4.0,4.0,0.30725875310285833,0.30725875310285833,9570.0,2533.0,0.2149331270659524
573,10.0,0.4,4.0,0.0,0.274251114347921,0.27124519085564686,28902.0,7224.0,0.21896759204434071
574,10.0,0.4,7.0,7.0,0.28757568612198203,0.28757568612198203,10540.0,2489.0,0.19275862469141128
575,10.0,0.4,2.0,2.0,0.2599479355636361,0.2599479355636361,91514.0,20792.0,0.19028907172452572
576,10.0,0.5,4.0,4.0,0.299265159446478,0.299265159446478,2430.0,647.0,0.21696293282161996
577,10.0,0.5,5.0,5.0,0.25982433123744475,0.25982433123744475,1795.0,366.0,0.1800421997487936
578,10.0,0.5,9.0,9.0,0.2845119119271185,0.2845119119271185,3216.0,812.0,0.2170995927024985
579,10.0,0.5,7.0,7.0,0.2568856314458171,0.2568856314458171,100010.0,22254.0,0.19675211085529726
580,10.0,0.5,9.0,9.0,0.2798282714997843,0.2798282714997843,4314.0,951.0,0.19254541370350386
581,10.0,0.5,4.0,4.0,0.2605480568148631,0.2605480568148631,48751.0,11209.0,0.20673620166953052
582,10.0,0.5,7.0,7.0,0.3067483889633297,0.3067483889633297,21964.0,5758.0,0.2224014506388506
583,10.0,0.5,0.0,0.0,0.25523951772835407,0.25523951772835407,40016.0,8682.0,0.18630332859252574
584,10.0,0.5,1.0,1.0,0.26456893412252186,0.26456893412252186,44434.0,10651.0,0.22522296599782093
585,10.0,0.5,4.0,4.0,0.30956683888162567,0.30956683888162567,11445.0,2737.0,0.18094811287030144
586,10.0,0.5,3.0,3.0,0.25677167358279596,0.25677167358279596,36166.0,7641.0,0.18449865592892217
587,10.0,0.5,2.0,2.0,0.32247306838559836,0.32247306838559836,9479.0,2437.0,0.20654277663711182
588,10.0,0.5,4.0,6.0,0.2798317718100811,0.2623659040440243,9289.0,2080.0,0.19940081835941134
589,10.0,0.5,4.0,4.0,0.2652255075424802,0.2652255075424802,100010.0,22146.0,0.18833610612426943
590,10.0,0.5,3.0,3.0,0.2592441784239924,0.2592441784239924,85844.0,19981.0,0.2115178108078682
591,10.0,0.5,8.0,9.0,0.2834862180849497,0.2789358494872447,1897.0,450.0,0.21368297972089279
592,10.0,0.6,8.0,8.0,0.24579502573281897,0.24579502573281897,48413.0,10042.0,0.19097045966408874
593,10.0,0.6,6.0,6.0,0.29476288139415835,0.29476288139415835,60388.0,14553.0,0.2179379526359737
594,10.0,0.6,2.0,2.0,0.257362778185569,0.257362778185569,52649.0,10565.0,0.1776518875963366
595,10.0,0.6,0.0,0.0,0.2973986044723381,0.2973986044723381,21032.0,5101.0,0.21675308365845597
596,10.0,0.6,6.0,6.0,0.25678979639470323,0.25678979639470323,3729.0,728.0,0.18839917394809144
597,10.0,0.6,6.0,6.0,0.32095997558316836,0.32095997558316836,1011.0,242.0,0.21818977883448282
598,10.0,0.6,7.0,7.0,0.32257729333120205,0.32257729333120205,14841.0,3661.0,0.2194405768193392
599,10.0,0.6,0.0,9.0,0.26671910372485474,0.2650698906227773,80537.0,18225.0,0.20596187855637016
600,10.0,0.6,8.0,8.0,0.2798216475901593,0.2798216475901593,17215.0,3902.0,0.20272879188355875
601,10.0,0.6,4.0,4.0,0.2584042291369139,0.2584042291369139,12948.0,2707.0,0.18208930536210116
602,10.0,0.6,7.0,7.0,0.2444859171768611,0.2444859171768611,100010.0,20638.0,0.18601582759870827
603,10.0,0.6,8.0,8.0,0.2806982101445539,0.2806982101445539,13162.0,3188.0,0.2205367140519515
604,10.0,0.6,8.0,8.0,0.2909347628917457,0.2909347628917457,11979.0,2988.0,0.21344521206091588
605,10.0,0.6,6.0,6.0,0.2957343430028764,0.2957343430028764,5870.0,1363.0,0.19732784920969712
606,10.0,0.6,5.0,5.0,0.2894009878697185,0.2894009878697185,25464.0,5947.0,0.21085309967855653
607,10.0,0.6,4.0,4.0,0.31362494761758924,0.31362494761758924,6161.0,1532.0,0.2189885285411158
608,10.0,0.7000000000000001,9.0,9.0,0.24860958062672617,0.24860958062672617,100010.0,20282.0,0.1919561258837002
609,10.0,0.7000000000000001,0.0,0.0,0.3185303558966529,0.3185303558966529,1156.0,289.0,0.20749397249632956
610,10.0,0.7000000000000001,4.0,4.0,0.2609987509602046,0.2609987509602046,14388.0,3178.0,0.20789611312165976
611,10.0,0.7000000000000001,9.0,9.0,0.2754267191575529,0.2754267191575529,7125.0,1603.0,0.21668452669813268
612,10.0,0.7000000000000001,4.0,4.0,0.24019069143041902,0.24019069143041902,1036.0,235.0,0.20333078646858221
613,10.0,0.7000000000000001,4.0,4.0,0.26549440825298,0.26549440825298,100010.0,21520.0,0.20072219174788333
614,10.0,0.7000000000000001,9.0,9.0,0.24647789482183854,0.24647789482183854,100010.0,20599.0,0.19429306910298433
615,10.0,0.7000000000000001,5.0,5.0,0.2931849004188096,0.2931849004188096,100010.0,22771.0,0.21093223885607726
616,10.0,0.7000000000000001,1.0,1.0,0.29214979166593746,0.29214979166593746,18128.0,3994.0,0.1975698202940035
617,10.0,0.7000000000000001,4.0,4.0,0.3172787589128589,0.3172787589128589,3864.0,1023.0,0.2273654284023742
618,10.0,0.7000000000000001,2.0,2.0,0.267247079358873,0.267247079358873,39667.0,8013.0,0.18214035219870067
619,10.0,0.7000000000000001,1.0,1.0,0.2666932923096198,0.2666932923096198,100010.0,21840.0,0.20571169184798502
620,10.0,0.7000000000000001,5.0,5.0,0.26899893923345664,0.26899893923345664,3857.0,852.0,0.20585985034205573
621,10.0,0.7000000000000001,1.0,1.0,0.2859029212885953,0.2859029212885953,8722.0,1848.0,0.18625353074494452
622,10.0,0.7000000000000001,4.0,4.0,0.25695112774782736,0.25695112774782736,28988.0,5623.0,0.17778655039098992
623,10.0,0.7000000000000001,3.0,3.0,0.2544832103234262,0.2544832103234262,3734.0,673.0,0.17103780779120856
624,10.0,0.8,3.0,3.0,0.24021762079587947,0.24021762079587947,7948.0,1589.0,0.18984375116606864
625,10.0,0.8,6.0,6.0,0.2570413284826208,0.2570413284826208,8984.0,1746.0,0.18649076794247016
626,10.0,0.8,9.0,9.0,0.24511351655558203,0.24511351655558203,100010.0,20130.0,0.19633197824145945
627,10.0,0.8,1.0,1.0,0.2691954283647389,0.2691954283647389,2290.0,451.0,0.19251306979593066
628,10.0,0.8,7.0,7.0,0.30013177407929764,0.30013177407929764,5561.0,1139.0,0.20085907986626744
629,10.0,0.8,7.0,7.0,0.2383707052935509,0.2383707052935509,100010.0,19297.0,0.18908039711668803
630,10.0,0.8,8.0,8.0,0.3254699730503432,0.3254699730503432,6840.0,1446.0,0.20394543016213879
631,10.0,0.8,8.0,1.0,0.23951556323492654,0.23825669322307835,100010.0,19761.0,0.19342216265772771
632,10.0,0.8,9.0,9.0,0.21976179443738741,0.21976179443738741,19096.0,3567.0,0.18252774025592805
633,10.0,0.8,0.0,0.0,0.25295469701207585,0.25295469701207585,42627.0,8583.0,0.19575358183545533
634,10.0,0.8,3.0,3.0,0.28223596862324185,0.28223596862324185,90377.0,20872.0,0.2243841996937863
635,10.0,0.8,0.0,0.0,0.2839325567686,0.2839325567686,15124.0,3234.0,0.20956831687434713
636,10.0,0.8,5.0,5.0,0.27524209794929827,0.27524209794929827,100010.0,23790.0,0.23216436554405182
637,10.0,0.8,4.0,4.0,0.3041972311102446,0.3041972311102446,6806.0,1572.0,0.2185838787624263
638,10.0,0.8,9.0,9.0,0.2853540597166161,0.2853540597166161,1011.0,194.0,0.17118976787837953
639,10.0,0.8,5.0,5.0,0.2754472501095561,0.2754472501095561,15699.0,2948.0,0.18233400434801827
640,15.0,0.1,12.0,7.0,0.2811707615744839,0.2461200762441008,1363.0,304.0,0.19373187992478247
641,15.0,0.1,14.0,0.0,0.2809782611822064,0.2800180753629043,100015.0,26877.0,0.19086977349712161
642,15.0,0.1,13.0,6.0,0.2670585063322349,0.2611468109471859,100015.0,25206.0,0.193407463349111
643,15.0,0.1,9.0,9.0,0.32573743442496883,0.32573743442496883,31261.0,9579.0,0.18131487888464826
644,15.0,0.1,9.0,4.0,0.2532647204801751,0.17690587450010725,1120.0,259.0,0.1801417046643413
645,15.0,0.1,7.0,1.0,0.2905123493567981,0.22367969078350794,4472.0,960.0,0.18715670310051244
646,15.0,0.1,14.0,14.0,0.2667923309536122,0.2667923309536122,98091.0,24567.0,0.19605783536619287
647,15.0,0.1,2.0,2.0,0.2746658713050759,0.2746658713050759,60402.0,15855.0,0.19477887109756567
648,15.0,0.1,14.0,11.0,0.30701003877804656,0.2600134502362301,1056.0,302.0,0.21198047230388165
649,15.0,0.1,6.0,6.0,0.26701948378027895,0.26701948378027895,100015.0,25637.0,0.20252788945104558
650,15.0,0.1,0.0,0.0,0.25757044385982036,0.25757044385982036,100015.0,25129.0,0.19212398675672446
651,15.0,0.1,8.0,1.0,0.2313755288435636,0.23000957700367639,3680.0,745.0,0.18260331014805098
652,15.0,0.1,12.0,12.0,0.2636178642737719,0.2636178642737719,100015.0,25339.0,0.18558166632535394
653,15.0,0.1,3.0,3.0,0.2930949215181492,0.2930949215181492,43169.0,12172.0,0.2013138257371589
654,15.0,0.1,4.0,4.0,0.29531871671637877,0.29531871671637877,7932.0,1753.0,0.19434249560704167
655,15.0,0.1,9.0,9.0,0.3214515529401223,0.3214515529401223,36389.0,11230.0,0.20319294136704277
656,15.0,0.2,11.0,11.0,0.27051740872451396,0.27051740872451396,100015.0,25474.0,0.2065584499123427
657,15.0,0.2,9.0,9.0,0.3032421919000913,0.3032421919000913,43630.0,12573.0,0.21121020750898514
658,15.0,0.2,13.0,10.0,0.28255890985098864,0.28129749979518764,100015.0,26605.0,0.20142276804062076
659,15.0,0.2,8.0,11.0,0.2496208958889026,0.2435422286615379,100015.0,23346.0,0.19138888716343125
660,15.0,0.2,5.0,2.0,0.29429898017378997,0.25020276845947764,1500.0,319.0,0.2150273330229801
661,15.0,0.2,1.0,1.0,0.25394890837824535,0.25394890837824535,100015.0,23627.0,0.17180022923727922
662,15.0,0.2,10.0,10.0,0.30140145208591773,0.30140145208591773,68600.0,18755.0,0.18668110519739672
663,15.0,0.2,8.0,8.0,0.3065152293227042,0.3065152293227042,72913.0,20893.0,0.21099517051529676
664,15.0,0.2,3.0,3.0,0.28660656488174285,0.28660656488174285,38511.0,10395.0,0.21060002169985664
665,15.0,0.2,12.0,1.0,0.2658802411418942,0.2440757215508853,1897.0,453.0,0.1842867864102911
666,15.0,0.2,9.0,9.0,0.2993819592071883,0.2993819592071883,9194.0,2304.0,0.20089406660590894
667,15.0,0.2,5.0,5.0,0.2666241882634807,0.2666241882634807,5949.0,1267.0,0.191674158691352
668,15.0,0.2,0.0,0.0,0.30530946041912765,0.30530946041912765,2345.0,487.0,0.18803399966323583
669,15.0,0.2,3.0,3.0,0.28621133800360127,0.28621133800360127,10027.0,2700.0,0.1905964362725049
670,15.0,0.2,1.0,1.0,0.2981206035540592,0.2981206035540592,4124.0,796.0,0.20012663608837322
671,15.0,0.2,0.0,0.0,0.26040873286606503,0.26040873286606503,5836.0,1217.0,0.18132247832943485
672,15.0,0.30000000000000004,6.0,6.0,0.30709856980838524,0.30709856980838524,6547.0,1761.0,0.20569633106427268
673,15.0,0.30000000000000004,10.0,10.0,0.312663038948188,0.312663038948188,5212.0,1379.0,0.18780215392645333
674,15.0,0.30000000000000004,3.0,3.0,0.2647253157160694,0.2647253157160694,82245.0,20094.0,0.20348295966643082
675,15.0,0.30000000000000004,5.0,5.0,0.2977373552008422,0.2977373552008422,1158.0,291.0,0.21951380994189182
676,15.0,0.30000000000000004,14.0,14.0,0.2545552258210955,0.2545552258210955,100015.0,23167.0,0.18371837948809222
677,15.0,0.30000000000000004,3.0,3.0,0.2381604491649505,0.2381604491649505,40735.0,8884.0,0.17060874188794592
678,15.0,0.30000000000000004,3.0,3.0,0.28547053624502794,0.28547053624502794,43221.0,11041.0,0.2037667598567384
679,15.0,0.30000000000000004,2.0,2.0,0.23883174912638333,0.23883174912638333,35782.0,7547.0,0.19820520584750978
680,15.0,0.30000000000000004,9.0,9.0,0.285984704184981,0.285984704184981,100015.0,26302.0,0.22091374154078613
681,15.0,0.30000000000000004,6.0,6.0,0.2764953377701446,0.2764953377701446,2626.0,594.0,0.1848970567729787
682,15.0,0.30000000000000004,6.0,6.0,0.25041086879024144,0.25041086879024144,100015.0,23109.0,0.19371899053886776
683,15.0,0.30000000000000004,10.0,10.0,0.3106556391736673,0.3106556391736673,12450.0,2880.0,0.19444664565566872
684,15.0,0.30000000000000004,3.0,3.0,0.2639301311125155,0.2639301311125155,11151.0,2662.0,0.20604152814878454
685,15.0,0.30000000000000004,9.0,11.0,0.27849124961190397,0.2695032886231655,17574.0,4351.0,0.20670268526835445
686,15.0,0.30000000000000004,0.0,0.0,0.2595322289533576,0.2595322289533576,6595.0,1464.0,0.1811568875897719
687,15.0,0.30000000000000004,4.0,4.0,0.32862306378539335,0.32862306378539335,100015.0,30030.0,0.2402471559689455
688,15.0,0.4,6.0,7.0,0.2672308448935006,0.21980316132346395,2784.0,601.0,0.2027733210899095
689,15.0,0.4,3.0,3.0,0.30516841436906267,0.30516841436906267,3836.0,905.0,0.19984622556985865
690,15.0,0.4,10.0,10.0,0.3035098807273669,0.3035098807273669,7856.0,2051.0,0.21750253431003858
691,15.0,0.4,14.0,14.0,0.25681865000510407,0.25681865000510407,80178.0,17460.0,0.17226761204593413
692,15.0,0.4,1.0,1.0,0.2515032588156502,0.2515032588156502,100015.0,22871.0,0.1957992731402456
693,15.0,0.4,0.0,9.0,0.28348946889599064,0.27958692560163084,100015.0,24539.0,0.20349204781288474
694,15.0,0.4,6.0,6.0,0.27841009143289297,0.27841009143289297,100015.0,24548.0,0.207456814670232
695,15.0,0.4,12.0,12.0,0.2605770935197238,0.2605770935197238,100015.0,23895.0,0.20703858900658323
696,15.0,0.4,14.0,14.0,0.3191600182845914,0.3191600182845914,100015.0,27005.0,0.21296825946910863
697,15.0,0.4,1.0,1.0,0.27106729632953114,0.27106729632953114,19512.0,4583.0,0.19595679665543025
698,15.0,0.4,8.0,8.0,0.33875088578447904,0.33875088578447904,1437.0,323.0,0.20181162511037626
699,15.0,0.4,6.0,6.0,0.24082870325695185,0.24082870325695185,42304.0,9037.0,0.18621097480935397
700,15.0,0.4,4.0,4.0,0.2892291055057274,0.2892291055057274,14248.0,3605.0,0.19998062044304848
701,15.0,0.4,14.0,14.0,0.3004954650812513,0.3004954650812513,4683.0,1190.0,0.20212013465450804
702,15.0,0.4,12.0,12.0,0.2685645838069565,0.2685645838069565,32047.0,7517.0,0.19079856207865303
703,15.0,0.4,11.0,11.0,0.31136221050984275,0.31136221050984275,15850.0,4119.0,0.19259517079125166
704,15.0,0.5,4.0,4.0,0.30227174684089264,0.30227174684089264,13257.0,3296.0,0.20259249344859037
705,15.0,0.5,9.0,9.0,0.3262919049136134,0.3262919049136134,2341.0,577.0,0.1955578555198977
706,15.0,0.5,5.0,5.0,0.269753672712411,0.269753672712411,52434.0,12113.0,0.19614903461403757
707,15.0,0.5,2.0,2.0,0.3033470874110195,0.3033470874110195,23773.0,6096.0,0.22292736496545487
708,15.0,0.5,0.0,0.0,0.35151539283727623,0.35151539283727623,1037.0,262.0,0.2199028609657872
709,15.0,0.5,10.0,10.0,0.28872851975375885,0.28872851975375885,3168.0,661.0,0.19354692940951526
710,15.0,0.5,11.0,11.0,0.2575575988283978,0.2575575988283978,20961.0,4516.0,0.18703565133374173
711,15.0,0.5,5.0,5.0,0.2718305852477056,0.2718305852477056,80638.0,18160.0,0.1839311562553285
712,15.0,0.5,4.0,4.0,0.2933331598129613,0.2933331598129613,81948.0,19786.0,0.1966060966748083
713,15.0,0.5,2.0,2.0,0.29073421105466707,0.29073421105466707,9555.0,2345.0,0.19795504468309078
714,15.0,0.5,0.0,0.0,0.30418166435365274,0.30418166435365274,41230.0,10200.0,0.2028378138973467
715,15.0,0.5,6.0,6.0,0.26213247015779895,0.26213247015779895,100015.0,23438.0,0.21031138607025032
716,15.0,0.5,5.0,5.0,0.2502493836146696,0.2502493836146696,60469.0,12700.0,0.18178937721475416
717,15.0,0.5,2.0,2.0,0.27577853720231527,0.27577853720231527,100015.0,23339.0,0.19793620315027463
718,15.0,0.5,2.0,2.0,0.2723371777808856,0.2723371777808856,3282.0,684.0,0.19452712581743825
719,15.0,0.5,5.0,5.0,0.28552979531637346,0.28552979531637346,5901.0,1316.0,0.1970930285076333
720,15.0,0.6,1.0,1.0,0.30537467442143307,0.30537467442143307,5921.0,1426.0,0.21555447064947927
721,15.0,0.6,5.0,5.0,0.22892985124549248,0.22892985124549248,42352.0,8530.0,0.1827415786965717
722,15.0,0.6,13.0,13.0,0.26835848496841286,0.26835848496841286,20636.0,4685.0,0.19888187011623082
723,15.0,0.6,0.0,0.0,0.29158252510011784,0.29158252510011784,3616.0,764.0,0.19216097029481985
724,15.0,0.6,7.0,7.0,0.27426190003296413,0.27426190003296413,9238.0,2049.0,0.18761570107618572
725,15.0,0.6,0.0,0.0,0.2904319517862247,0.2904319517862247,1237.0,283.0,0.20590238805283848
726,15.0,0.6,7.0,7.0,0.2762601159684769,0.2762601159684769,43445.0,9805.0,0.20333010660320294
727,15.0,0.6,1.0,1.0,0.2957889543240612,0.2957889543240612,4403.0,1050.0,0.21110981400531634
728,15.0,0.6,9.0,9.0,0.30541338538452284,0.30541338538452284,30048.0,7018.0,0.19569514268464328
729,15.0,0.6,6.0,6.0,0.27919272887526236,0.27919272887526236,17451.0,4038.0,0.19667323543622384
730,15.0,0.6,8.0,8.0,0.2698780250537125,0.2698780250537125,59746.0,13777.0,0.20984643426168428
731,15.0,0.6,13.0,13.0,0.29276466515234667,0.29276466515234667,100015.0,23673.0,0.20223370675302949
732,15.0,0.6,7.0,7.0,0.28341703564074777,0.28341703564074777,100015.0,22932.0,0.20271009814341295
733,15.0,0.6,6.0,6.0,0.3000187052316523,0.3000187052316523,6036.0,1470.0,0.20681577552302852
734,15.0,0.6,1.0,1.0,0.32194596882680193,0.32194596882680193,2375.0,532.0,0.22108808571058802
735,15.0,0.6,7.0,7.0,0.2420276564745162,0.2420276564745162,12387.0,2419.0,0.17301226724494276
736,15.0,0.7000000000000001,11.0,11.0,0.27854272744746766,0.27854272744746766,63863.0,14550.0,0.2084863679821415
737,15.0,0.7000000000000001,1.0,1.0,0.3369628895008955,0.3369628895008955,2129.0,481.0,0.19245750349224794
738,15.0,0.7000000000000001,1.0,1.0,0.24583826687437663,0.24583826687437663,15278.0,2902.0,0.18255515956848642
739,15.0,0.7000000000000001,12.0,12.0,0.28972969899080403,0.28972969899080403,6340.0,1412.0,0.20703574432965466
740,15.0,0.7000000000000001,9.0,9.0,0.2728618664442675,0.2728618664442675,9629.0,2030.0,0.18793862044110637
741,15.0,0.7000000000000001,3.0,3.0,0.3057566831695355,0.3057566831695355,1842.0,367.0,0.20244928517111518
742,15.0,0.7000000000000001,10.0,10.0,0.3045616839673558,0.3045616839673558,2432.0,559.0,0.20092362879793765
743,15.0,0.7000000000000001,2.0,2.0,0.2604866228561179,0.2604866228561179,11823.0,2432.0,0.19047374037164824
744,15.0,0.7000000000000001,7.0,2.0,0.26305075480709234,0.25927767592778406,100015.0,21637.0,0.1990056962424265
745,15.0,0.7000000000000001,7.0,7.0,0.2501929198621468,0.2501929198621468,90393.0,18161.0,0.18599534514216595
746,15.0,0.7000000000000001,2.0,2.0,0.31806160177551934,0.31806160177551934,45082.0,11032.0,0.22244632891908284
747,15.0,0.7000000000000001,9.0,9.0,0.24539938892931307,0.24539938892931307,100015.0,20539.0,0.19343407934444024
748,15.0,0.7000000000000001,8.0,8.0,0.33292896952478,0.33292896952478,3217.0,793.0,0.23051661760945763
749,15.0,0.7000000000000001,10.0,10.0,0.26906069403117533,0.26906069403117533,13657.0,2947.0,0.19401343162614043
750,15.0,0.7000000000000001,12.0,12.0,0.29987122710563874,0.29987122710563874,6660.0,1540.0,0.2058435673786817
751,15.0,0.7000000000000001,8.0,8.0,0.2764526709622549,0.2764526709622549,7960.0,1714.0,0.19376872236163786
752,15.0,0.8,3.0,3.0,0.28299103466540565,0.28299103466540565,4535.0,954.0,0.21190659789867303
753,15.0,0.8,12.0,12.0,0.28488385195958055,0.28488385195958055,18045.0,3763.0,0.19624270700906746
754,15.0,0.8,9.0,9.0,0.2580724677860304,0.2580724677860304,100015.0,21950.0,0.2114655674570694
755,15.0,0.8,3.0,3.0,0.2823536873234995,0.2823536873234995,29476.0,6010.0,0.1902482746601293
756,15.0,0.8,7.0,7.0,0.29315315301225425,0.29315315301225425,44128.0,9246.0,0.19531406804464452
757,15.0,0.8,6.0,6.0,0.2932902652944417,0.2932902652944417,8038.0,1733.0,0.21005781796679768
758,15.0,0.8,10.0,10.0,0.2874836689881698,0.2874836689881698,100015.0,20890.0,0.19668411999221608
759,15.0,0.8,8.0,8.0,0.268293591640048,0.268293591640048,27621.0,5593.0,0.2001154143263495
760,15.0,0.8,11.0,11.0,0.31065133699027864,0.31065133699027864,27357.0,6220.0,0.21390960147551527
761,15.0,0.8,1.0,13.0,0.332915039663125,0.3199206364424485,4210.0,980.0,0.22000536735779058
762,15.0,0.8,8.0,6.0,0.29664718341460045,0.2846983901948366,7983.0,1812.0,0.2103458503922053
763,15.0,0.8,5.0,5.0,0.25411059413844495,0.25411059413844495,100015.0,20563.0,0.1993660083032722
764,15.0,0.8,2.0,9.0,0.24744983525828482,0.24561531209187382,100015.0,20193.0,0.19467987426506414
765,15.0,0.8,7.0,7.0,0.32456735585224156,0.32456735585224156,1968.0,426.0,0.19354099262063265
766,15.0,0.8,4.0,4.0,0.27946728994569325,0.27946728994569325,37434.0,7886.0,0.19757798114438618
767,15.0,0.8,4.0,4.0,0.30569220862436375,0.30569220862436375,25733.0,6446.0,0.23394293053698118
768,20.0,0.1,13.0,19.0,0.3034415713977349,0.25754046745127285,1216.0,281.0,0.22252393353912425
769,20.0,0.1,16.0,16.0,0.3559238708871807,0.3559238708871807,1021.0,287.0,0.2041695564120559
770,20.0,0.1,3.0,3.0,0.2875239321702667,0.2875239321702667,1865.0,374.0,0.17993434224577443
771,20.0,0.1,11.0,11.0,0.3025978295927398,0.3025978295927398,3046.0,723.0,0.20815026871524775
772,20.0,0.1,19.0,18.0,0.29482236973592535,0.2695014668181814,1154.0,306.0,0.20022995532964633
773,20.0,0.1,2.0,15.0,0.3027964207995568,0.21318837666283025,1180.0,299.0,0.19438483058405231
774,20.0,0.1,13.0,9.0,0.27905181622961084,0.27222343375580743,100020.0,26413.0,0.20658348250413594
775,20.0,0.1,16.0,6.0,0.26611834098619386,0.2547853792960886,2004.0,405.0,0.19203907206375784
776,20.0,0.1,5.0,4.0,0.28677976202909505,0.2854468557081388,1489.0,324.0,0.21042202987333006
777,20.0,0.1,4.0,4.0,0.29099755267117083,0.29099755267117083,5983.0,1520.0,0.19553276099593722
778,20.0,0.1,9.0,9.0,0.2855091344182499,0.2855091344182499,6893.0,1729.0,0.20113274789714505
779,20.0,0.1,4.0,4.0,0.32448570656528253,0.32448570656528253,97596.0,29587.0,0.21650499283693617
780,20.0,0.1,5.0,5.0,0.29799750283972964,0.29799750283972964,2949.0,843.0,0.18934658947797453
781,20.0,0.1,9.0,9.0,0.3078070918063016,0.3078070918063016,49885.0,14588.0,0.18319984713480575
782,20.0,0.1,14.0,14.0,0.33870366478959635,0.33870366478959635,2764.0,658.0,0.20389020384586648
783,20.0,0.1,2.0,2.0,0.31337675176369495,0.31337675176369495,1349.0,375.0,0.2146172269150398
784,20.0,0.2,12.0,12.0,0.32228234422034113,0.32228234422034113,7662.0,2077.0,0.21505667873623727
785,20.0,0.2,18.0,18.0,0.3305570106297639,0.3305570106297639,4071.0,1196.0,0.21856270137221415
786,20.0,0.2,6.0,6.0,0.2610945156431333,0.2610945156431333,100020.0,24905.0,0.20203225418865678
787,20.0,0.2,13.0,13.0,0.3243203732426414,0.3243203732426414,33500.0,10053.0,0.2087400395754971
788,20.0,0.2,5.0,5.0,0.3061525352603398,0.3061525352603398,1452.0,367.0,0.20431028616990404
789,20.0,0.2,16.0,16.0,0.31356963634471885,0.31356963634471885,66070.0,19028.0,0.20052398557537093
790,20.0,0.2,14.0,14.0,0.26648829711999766,0.26648829711999766,100020.0,25208.0,0.2071081037116563
791,20.0,0.2,1.0,1.0,0.29452464837286824,0.29452464837286824,100020.0,27441.0,0.20320703184620587
792,20.0,0.2,19.0,19.0,0.26569549284725924,0.26569549284725924,100020.0,24921.0,0.18659955908822012
793,20.0,0.2,2.0,2.0,0.3121886946388095,0.3121886946388095,13005.0,3643.0,0.22047790746223628
794,20.0,0.2,7.0,7.0,0.25071589814821243,0.25071589814821243,100020.0,23737.0,0.19685873463979894
795,20.0,0.2,7.0,7.0,0.27303412793772414,0.27303412793772414,1789.0,362.0,0.19057118745881704
796,20.0,0.2,0.0,13.0,0.29841016592050373,0.28261187206886296,1381.0,340.0,0.18984058167016796
797,20.0,0.2,6.0,19.0,0.26673537912592515,0.2506240641840888,100020.0,23689.0,0.19196265997420286
798,20.0,0.2,14.0,14.0,0.2957786192022225,0.2957786192022225,1904.0,501.0,0.19511426743359844
799,20.0,0.2,10.0,10.0,0.2672867047861087,0.2672867047861087,2583.0,610.0,0.19220432811670693
800,20.0,0.30000000000000004,1.0,1.0,0.3046967566665374,0.3046967566665374,3943.0,931.0,0.17444975093750356
801,20.0,0.30000000000000004,17.0,17.0,0.29122270229888503,0.29122270229888503,4082.0,907.0,0.19247816408655227
802,20.0,0.30000000000000004,5.0,16.0,0.2998250396455242,0.23741203847392153,1584.0,409.0,0.1986119516993558
803,20.0,0.30000000000000004,2.0,2.0,0.29578498305560164,0.29578498305560164,26559.0,7193.0,0.21075159427828266
804,20.0,0.30000000000000004,10.0,10.0,0.33860018554777216,0.33860018554777216,5168.0,1453.0,0.1914640866858855
805,20.0,0.30000000000000004,6.0,14.0,0.28675767011611536,0.2820693015067776,4365.0,1125.0,0.2005154733994412
806,20.0,0.30000000000000004,19.0,3.0,0.2609968443883058,0.25805234653601683,3673.0,871.0,0.18782339886629687
807,20.0,0.30000000000000004,12.0,12.0,0.2634721735618571,0.2634721735618571,65981.0,15271.0,0.1712418635899585
808,20.0,0.30000000000000004,3.0,3.0,0.3187083470601247,0.3187083470601247,18312.0,4965.0,0.20535061279186842
809,20.0,0.30000000000000004,18.0,7.0,0.3128898547524057,0.31010970913537583,30546.0,8436.0,0.21308848852761106
810,20.0,0.30000000000000004,7.0,7.0,0.3149263229122782,0.3149263229122782,66594.0,18846.0,0.21041722768365942
811,20.0,0.30000000000000004,8.0,8.0,0.2514799662165149,0.2514799662165149,33743.0,7387.0,0.18355189074545164
812,20.0,0.30000000000000004,11.0,11.0,0.29352855903991915,0.29352855903991915,13037.0,3302.0,0.1887645397176048
813,20.0,0.30000000000000004,19.0,19.0,0.2780935433748913,0.2780935433748913,15778.0,3837.0,0.2043286671543522
814,20.0,0.30000000000000004,16.0,16.0,0.2757073291745264,0.2757073291745264,15612.0,3923.0,0.2084723149416338
815,20.0,0.30000000000000004,14.0,14.0,0.28671516428140076,0.28671516428140076,100020.0,25908.0,0.19864610840168465
816,20.0,0.4,8.0,8.0,0.31598161832531574,0.31598161832531574,8226.0,2186.0,0.2039402758397443
817,20.0,0.4,10.0,7.0,0.23484058321400686,0.2335084543028798,100020.0,21010.0,0.18145498874241694
818,20.0,0.4,1.0,1.0,0.36508901262124804,0.36508901262124804,2658.0,621.0,0.20412415712395066
819,20.0,0.4,16.0,4.0,0.2487348742360638,0.2438857529172461,10592.0,2243.0,0.19010674337096578
820,20.0,0.4,17.0,17.0,0.24819168945443718,0.24819168945443718,80774.0,18078.0,0.19456614290161908
821,20.0,0.4,8.0,8.0,0.2814531403846171,0.2814531403846171,20769.0,4952.0,0.19206579838023843
822,20.0,0.4,15.0,15.0,0.2897670198900072,0.2897670198900072,61198.0,15710.0,0.2214104501197728
823,20.0,0.4,16.0,16.0,0.35608089200965903,0.35608089200965903,5936.0,1605.0,0.21587670781925308
824,20.0,0.4,19.0,19.0,0.3058608468214633,0.3058608468214633,16308.0,4222.0,0.2097380073688929
825,20.0,0.4,1.0,1.0,0.28453733451093327,0.28453733451093327,2718.0,573.0,0.19677089431196362
826,20.0,0.4,12.0,12.0,0.2998928439098511,0.2998928439098511,100020.0,25175.0,0.18956116846632037
827,20.0,0.4,2.0,2.0,0.2973045857061305,0.2973045857061305,34279.0,8623.0,0.20221603437536376
828,20.0,0.4,17.0,17.0,0.3057451242145656,0.3057451242145656,2892.0,636.0,0.19589729089508381
829,20.0,0.4,17.0,17.0,0.2987568813444182,0.2987568813444182,89689.0,22619.0,0.18618317987489993
830,20.0,0.4,17.0,17.0,0.27348396629827765,0.27348396629827765,35322.0,8462.0,0.19553987177032323
831,20.0,0.4,1.0,1.0,0.3241716016209591,0.3241716016209591,1111.0,270.0,0.2085503285477321
832,20.0,0.5,3.0,3.0,0.2648012115107595,0.2648012115107595,100020.0,22782.0,0.20109281802585768
833,20.0,0.5,17.0,17.0,0.3656469764290324,0.3656469764290324,1667.0,458.0,0.19294728541865952
834,20.0,0.5,18.0,18.0,0.27961724965502943,0.27961724965502943,5274.0,1135.0,0.18174030703954086
835,20.0,0.5,7.0,7.0,0.30249337148297045,0.30249337148297045,15206.0,3758.0,0.20760578842755803
836,20.0,0.5,12.0,12.0,0.30030504510191186,0.30030504510191186,7665.0,1870.0,0.2017557272504431
837,20.0,0.5,4.0,4.0,0.2837197746439558,0.2837197746439558,17780.0,4253.0,0.2109232571995728
838,20.0,0.5,12.0,12.0,0.316509529475006,0.316509529475006,19161.0,4598.0,0.20869233403205892
839,20.0,0.5,1.0,1.0,0.2918320282986721,0.2918320282986721,60745.0,14875.0,0.2016668098759323
840,20.0,0.5,14.0,14.0,0.2780993476068123,0.2780993476068123,28332.0,6572.0,0.20098952249105353
841,20.0,0.5,9.0,9.0,0.2867497311239906,0.2867497311239906,24151.0,5461.0,0.18936949174919765
842,20.0,0.5,17.0,12.0,0.2820887539697478,0.28093320752782885,100020.0,23957.0,0.20393697666358063
843,20.0,0.5,5.0,6.0,0.2733980726149905,0.27242593478186594,100020.0,24043.0,0.2107355124847426
844,20.0,0.5,0.0,0.0,0.32381962163878586,0.32381962163878586,23269.0,5602.0,0.20025009535200758
845,20.0,0.5,8.0,8.0,0.2755767314147897,0.2755767314147897,43169.0,10545.0,0.21055770294842552
846,20.0,0.5,2.0,14.0,0.29404176413981664,0.28524087957097727,100020.0,24344.0,0.20924743904043863
847,20.0,0.5,4.0,4.0,0.29306659867873386,0.29306659867873386,14593.0,3557.0,0.21533768182815258
848,20.0,0.6,7.0,18.0,0.26632077930081255,0.2663070520649645,100020.0,22531.0,0.19955901947182836
849,20.0,0.6,10.0,10.0,0.32593926215731506,0.32593926215731506,1250.0,277.0,0.20974901873926005
850,20.0,0.6,11.0,11.0,0.30007758715875543,0.30007758715875543,33529.0,7875.0,0.1997725595779342
851,20.0,0.6,4.0,4.0,0.3356204547988285,0.3356204547988285,3290.0,799.0,0.1856769893982983
852,20.0,0.6,14.0,14.0,0.2513407930423233,0.2513407930423233,100020.0,21224.0,0.18737881594590328
853,20.0,0.6,8.0,8.0,0.2884395872247118,0.2884395872247118,5517.0,1173.0,0.20286994560806787
854,20.0,0.6,12.0,12.0,0.2596280207569677,0.2596280207569677,23585.0,4917.0,0.18938840213728908
855,20.0,0.6,2.0,2.0,0.30686270301749746,0.30686270301749746,52043.0,13052.0,0.21901854248827898
856,20.0,0.6,1.0,1.0,0.2691445280654834,0.2691445280654834,9528.0,2092.0,0.20534846051819394
857,20.0,0.6,15.0,15.0,0.31919564308142884,0.31919564308142884,1976.0,428.0,0.18293463088490278
858,20.0,0.6,13.0,13.0,0.3104998046073423,0.3104998046073423,46365.0,10209.0,0.1846762834404336
859,20.0,0.6,8.0,8.0,0.3141474701366841,0.3141474701366841,51925.0,12875.0,0.2127198152953841
860,20.0,0.6,10.0,10.0,0.2994618550969557,0.2994618550969557,3401.0,738.0,0.20652580771297036
861,20.0,0.6,12.0,12.0,0.330692818619287,0.330692818619287,8946.0,2250.0,0.19893169037240171
862,20.0,0.6,15.0,15.0,0.2743301974866559,0.2743301974866559,12842.0,2796.0,0.19265337344436098
863,20.0,0.6,10.0,10.0,0.2847198803873663,0.2847198803873663,55836.0,11819.0,0.1752967294263644
864,20.0,0.7000000000000001,7.0,17.0,0.30483798175469967,0.30456156074087354,100020.0,22835.0,0.20028638275688118
865,20.0,0.7000000000000001,0.0,0.0,0.33538485391990314,0.33538485391990314,6749.0,1594.0,0.20500562164263533
866,20.0,0.7000000000000001,3.0,3.0,0.2567512080042363,0.2567512080042363,42897.0,8672.0,0.1894130920047696
867,20.0,0.7000000000000001,12.0,12.0,0.3117827997000949,0.3117827997000949,100020.0,24675.0,0.22092957449764034
868,20.0,0.7000000000000001,0.0,0.0,0.27744570708453026,0.27744570708453026,17846.0,3851.0,0.19251458926770432
869,20.0,0.7000000000000001,8.0,8.0,0.26930280733241196,0.26930280733241196,100020.0,19600.0,0.174689043800534
870,20.0,0.7000000000000001,7.0,7.0,0.31043175704568726,0.31043175704568726,81257.0,19506.0,0.21497341597280878
871,20.0,0.7000000000000001,14.0,14.0,0.275737102519263,0.275737102519263,19008.0,3805.0,0.1830347820336084
872,20.0,0.7000000000000001,15.0,15.0,0.25330843802933567,0.25330843802933567,100020.0,20557.0,0.1898344446139225
873,20.0,0.7000000000000001,4.0,4.0,0.3484681608454103,0.3484681608454103,8513.0,2025.0,0.2068409791943701
874,20.0,0.7000000000000001,0.0,0.0,0.262528954974961,0.262528954974961,100020.0,20692.0,0.1892022623360067
875,20.0,0.7000000000000001,11.0,11.0,0.28310065502397774,0.28310065502397774,100020.0,21497.0,0.18928046808246274
876,20.0,0.7000000000000001,8.0,8.0,0.2661413664726956,0.2661413664726956,56504.0,12453.0,0.20352833351019234
877,20.0,0.7000000000000001,10.0,10.0,0.3195030796767807,0.3195030796767807,41126.0,9379.0,0.19676560899616205
878,20.0,0.7000000000000001,1.0,1.0,0.29602606994255115,0.29602606994255115,100020.0,23134.0,0.20813144927089722
879,20.0,0.7000000000000001,5.0,5.0,0.2736532892276275,0.2736532892276275,17508.0,3794.0,0.19810467071416213
880,20.0,0.8,14.0,14.0,0.299779282910479,0.299779282910479,100020.0,22741.0,0.21331568248336968
881,20.0,0.8,6.0,6.0,0.2907761381833869,0.2907761381833869,100020.0,21494.0,0.20098807787627754
882,20.0,0.8,14.0,14.0,0.30691786608830207,0.30691786608830207,100020.0,22372.0,0.2063212460932522
883,20.0,0.8,14.0,14.0,0.30518971598391154,0.30518971598391154,9239.0,1834.0,0.1862176138757181
884,20.0,0.8,3.0,3.0,0.3153928005863864,0.3153928005863864,29797.0,6404.0,0.19816145705913912
885,20.0,0.8,17.0,17.0,0.3101116662690091,0.3101116662690091,8192.0,1887.0,0.2139860862348538
886,20.0,0.8,14.0,14.0,0.2924658774222722,0.2924658774222722,1535.0,299.0,0.20664659683418143
887,20.0,0.8,14.0,14.0,0.28867693991562043,0.28867693991562043,33909.0,7000.0,0.1948190100070219
888,20.0,0.8,11.0,11.0,0.29590626430536293,0.29590626430536293,23774.0,5052.0,0.19776213353969133
889,20.0,0.8,19.0,19.0,0.28398350093682445,0.28398350093682445,33037.0,7245.0,0.2035170604173621
890,20.0,0.8,3.0,3.0,0.2603120781934572,0.2603120781934572,100020.0,19791.0,0.1874698154012125
891,20.0,0.8,5.0,5.0,0.2978405090763262,0.2978405090763262,100020.0,23097.0,0.21845225609838942
892,20.0,0.8,16.0,16.0,0.2758294650654473,0.2758294650654473,100020.0,19771.0,0.18362256617977074
893,20.0,0.8,1.0,1.0,0.2902335076158389,0.2902335076158389,15775.0,3228.0,0.18657489062703156
894,20.0,0.8,10.0,16.0,0.2998689143670409,0.29629168263148203,100020.0,21863.0,0.2021063734578405
895,20.0,0.8,5.0,5.0,0.29667755598306156,0.29667755598306156,1314.0,282.0,0.20643555929363827
