n_arms,true_winner_idx,winner_idx,traffic,wins,baseline,conversion
2.0,1.0,1.0,1003.0,207.0,0.2010255975012308,0.20638085742771686
2.0,1.0,1.0,1003.0,164.0,0.14426414121981707,0.16350947158524426
2.0,1.0,1.0,1003.0,301.0,0.23332704531376985,0.3000997008973081
2.0,0.0,0.0,1003.0,201.0,0.20132807626877786,0.20039880358923232
2.0,0.0,0.0,26933.0,4086.0,0.14935325865794008,0.1517097983885939
2.0,1.0,1.0,1003.0,265.0,0.24839899549743924,0.2642073778664008
2.0,1.0,1.0,1727.0,335.0,0.16917586826086806,0.19397799652576722
2.0,1.0,1.0,1003.0,185.0,0.17264117227237613,0.18444666001994017
2.0,1.0,1.0,1547.0,344.0,0.21818328805875814,0.22236586942469294
2.0,0.0,0.0,2913.0,760.0,0.26742346158760755,0.2608994164092001
2.0,0.0,0.0,2240.0,462.0,0.20006100048170306,0.20625
2.0,0.0,0.0,1003.0,197.0,0.15411897855262344,0.19641076769690927
2.0,0.0,0.0,11967.0,2980.0,0.24371091065945255,0.2490181331996323
2.0,1.0,1.0,1391.0,327.0,0.2212102616720223,0.2350826743350108
2.0,0.0,0.0,1037.0,245.0,0.22256331291286913,0.23625843780135006
2.0,0.0,0.0,16704.0,3135.0,0.18178913481398068,0.18767959770114942
2.0,0.0,0.0,3827.0,637.0,0.15938825528728928,0.16644891559968644
2.0,0.0,0.0,1008.0,234.0,0.23683755372143855,0.23214285714285715
2.0,1.0,1.0,1197.0,269.0,0.20695712687618367,0.2247284878863826
2.0,1.0,1.0,1003.0,200.0,0.18907209468259312,0.19940179461615154
2.0,1.0,1.0,1066.0,281.0,0.24729155758313326,0.26360225140712945
2.0,1.0,1.0,1003.0,214.0,0.21939856439756888,0.21335992023928216
2.0,0.0,0.0,1970.0,360.0,0.20561393126610503,0.18274111675126903
2.0,0.0,0.0,1782.0,450.0,0.24775749423707402,0.25252525252525254
2.0,1.0,1.0,70215.0,14196.0,0.19935894403567966,0.2021790215765862
2.0,1.0,1.0,16381.0,4261.0,0.259374069402306,0.2601184298882852
2.0,0.0,0.0,3829.0,520.0,0.12361934467724361,0.13580569339253068
2.0,0.0,0.0,2027.0,544.0,0.25807581813012864,0.2683769116921559
2.0,0.0,0.0,1003.0,296.0,0.26376426108447243,0.2951146560319043
2.0,0.0,0.0,1003.0,242.0,0.20894693056622057,0.24127617148554337
2.0,0.0,0.0,32260.0,7698.0,0.23941455853931795,0.23862368257904526
2.0,0.0,0.0,1003.0,204.0,0.18817513045169687,0.2033898305084746
4.0,1.0,1.0,12603.0,3010.0,0.21674007343682836,0.23883202412124097
4.0,3.0,3.0,1976.0,494.0,0.22020171264603058,0.25
4.0,1.0,1.0,4465.0,1211.0,0.2011424114279033,0.2712206047032475
4.0,2.0,2.0,5320.0,1367.0,0.22288265420294884,0.2569548872180451
4.0,3.0,3.0,1005.0,245.0,0.20841027166326692,0.24378109452736318
4.0,3.0,3.0,23975.0,4746.0,0.19141349169906505,0.19795620437956205
4.0,0.0,0.0,1354.0,267.0,0.19950021085223943,0.19719350073855244
4.0,2.0,2.0,8838.0,1951.0,0.18529438886226346,0.22075130119936637
4.0,1.0,1.0,1610.0,266.0,0.16127330304168488,0.16521739130434782
4.0,0.0,0.0,19221.0,4524.0,0.19242352646157732,0.23536756672389575
4.0,1.0,1.0,10850.0,2607.0,0.2152345273157744,0.24027649769585255
4.0,2.0,2.0,94808.0,19122.0,0.1745387505431351,0.20169184035102522
4.0,0.0,0.0,12697.0,2876.0,0.1814673117396446,0.22651019925966764
4.0,1.0,3.0,1011.0,131.0,0.1412049342439834,0.12957467853610286
4.0,3.0,3.0,1005.0,277.0,0.21064090287741255,0.27562189054726366
4.0,1.0,1.0,1266.0,301.0,0.21228015429102995,0.2377567140600316
4.0,2.0,2.0,4194.0,1056.0,0.2239950692390266,0.25178826895565093
4.0,2.0,2.0,3614.0,920.0,0.23832562393551682,0.2545655783065855
4.0,1.0,1.0,100004.0,26119.0,0.2301587508262283,0.2611795528178873
4.0,3.0,3.0,1005.0,262.0,0.21509135314954406,0.2606965174129353
4.0,0.0,0.0,100004.0,23253.0,0.20411904797711655,0.2325206991720331
4.0,0.0,0.0,3323.0,797.0,0.2015394348789048,0.23984351489617814
4.0,3.0,3.0,1099.0,212.0,0.18994649059133137,0.19290263876251137
4.0,3.0,3.0,1032.0,272.0,0.24109203983567035,0.26356589147286824
4.0,0.0,0.0,5825.0,1345.0,0.19875181349146304,0.23090128755364808
4.0,1.0,1.0,40006.0,9873.0,0.22222703672684718,0.2467879818027296
4.0,0.0,0.0,1973.0,431.0,0.17519907008692154,0.21844906234161177
4.0,3.0,3.0,17254.0,4376.0,0.22683336836848705,0.2536223484409412
4.0,0.0,0.0,1349.0,349.0,0.20890611528000572,0.2587101556708673
4.0,3.0,3.0,31365.0,6499.0,0.18712611875096247,0.20720548381954407
4.0,3.0,3.0,2140.0,570.0,0.21566325969084618,0.26635514018691586
4.0,3.0,3.0,5300.0,1228.0,0.20238656676055716,0.23169811320754716
6.0,5.0,5.0,1123.0,263.0,0.16871877543353356,0.2341941228851291
6.0,1.0,1.0,7429.0,1873.0,0.2188651816189364,0.25212006999596176
6.0,3.0,3.0,21050.0,4799.0,0.14909388131844456,0.22798099762470309
6.0,2.0,2.0,1007.0,277.0,0.21513894686575866,0.27507447864945384
6.0,0.0,0.0,10241.0,2320.0,0.19860312634234678,0.22654037691631676
6.0,2.0,2.0,1179.0,257.0,0.20456516875957365,0.2179813401187447
6.0,0.0,0.0,100006.0,26336.0,0.22222205418353635,0.2633441993480391
6.0,1.0,1.0,17462.0,5089.0,0.24368959662679276,0.291432825564082
6.0,4.0,4.0,4970.0,1405.0,0.22673567135594097,0.28269617706237427
6.0,2.0,2.0,2188.0,397.0,0.1764786623131972,0.18144424131627057
6.0,3.0,3.0,3409.0,883.0,0.227929294602409,0.2590202405397477
6.0,3.0,3.0,2967.0,925.0,0.1972618975290891,0.31176272328951804
6.0,4.0,0.0,100006.0,24167.0,0.19980666233446773,0.2416555006699598
6.0,5.0,5.0,1007.0,281.0,0.17531641017515623,0.27904667328699106
6.0,3.0,3.0,14921.0,3322.0,0.18941587697818837,0.22263923329535554
6.0,3.0,3.0,9711.0,2588.0,0.2206493564773695,0.2665019050561219
6.0,3.0,3.0,14297.0,3934.0,0.21554897539943194,0.27516262152899207
6.0,0.0,0.0,1581.0,479.0,0.18850380022914334,0.3029728020240354
6.0,5.0,5.0,14780.0,3103.0,0.18329851069813122,0.20994587280108254
6.0,4.0,4.0,28064.0,6981.0,0.19845886177290797,0.24875285062713798
6.0,1.0,1.0,12448.0,3023.0,0.20857386387277302,0.24285025706940874
6.0,1.0,4.0,9212.0,1933.0,0.17240188722601188,0.2098349978289188
6.0,2.0,2.0,1512.0,395.0,0.20334197187807457,0.2612433862433862
6.0,4.0,4.0,21509.0,4717.0,0.21398472505014499,0.21930354735227114
6.0,5.0,5.0,10188.0,2905.0,0.24038752922487694,0.28513937966234787
6.0,4.0,4.0,2599.0,517.0,0.18534153975647824,0.19892266256252406
6.0,3.0,3.0,10257.0,1961.0,0.17388916001016821,0.19118650677586038
6.0,0.0,0.0,13357.0,3625.0,0.24034845216442677,0.2713932769334431
6.0,3.0,3.0,6675.0,1733.0,0.21858302601946486,0.259625468164794
6.0,4.0,4.0,5661.0,1304.0,0.18545030296963436,0.2303479950538774
6.0,1.0,1.0,5800.0,1719.0,0.24417574532308275,0.29637931034482756
6.0,4.0,2.0,1038.0,203.0,0.17464107038905755,0.1955684007707129
8.0,7.0,7.0,31466.0,7560.0,0.1990968465695766,0.2402593275281256
8.0,6.0,6.0,100008.0,28460.0,0.23697126053049677,0.2845772338212943
8.0,7.0,7.0,4613.0,1140.0,0.21640551978175282,0.2471276826360286
8.0,3.0,3.0,25991.0,6482.0,0.1994768624815389,0.24939402100727176
8.0,3.0,3.0,35683.0,7889.0,0.1930851064582661,0.2210856710478379
8.0,7.0,7.0,1767.0,392.0,0.1835239067456308,0.22184493491794002
8.0,5.0,5.0,2274.0,408.0,0.1934258927396888,0.17941952506596306
8.0,2.0,2.0,69269.0,18179.0,0.21403257579009843,0.26244063000765133
8.0,1.0,1.0,6846.0,1897.0,0.21012147897436229,0.2770961145194274
8.0,3.0,3.0,100008.0,21597.0,0.18336445890571634,0.21595272378209743
8.0,2.0,2.0,23550.0,5473.0,0.20853284877104894,0.23239915074309977
8.0,6.0,6.0,1253.0,293.0,0.20473408732712567,0.2338387869114126
8.0,0.0,0.0,3778.0,1138.0,0.19433197821576195,0.301217575436739
8.0,5.0,5.0,67169.0,18388.0,0.22434798678432422,0.27375723920260836
8.0,1.0,1.0,17734.0,5047.0,0.22161501573686243,0.28459456411413103
8.0,5.0,5.0,30993.0,8936.0,0.2307724430943138,0.2883231697480076
8.0,6.0,6.0,64516.0,15547.0,0.20305114159784693,0.2409789819579639
8.0,0.0,7.0,100008.0,24582.0,0.20964199573224157,0.24580033597312215
8.0,2.0,2.0,1289.0,274.0,0.1843939057870661,0.2125678820791311
8.0,3.0,3.0,60568.0,13321.0,0.1868272959192509,0.21993461894069474
8.0,2.0,0.0,100008.0,22862.0,0.18212051486999326,0.22860171186305095
8.0,2.0,2.0,13521.0,3048.0,0.18312892344728499,0.22542711337918794
8.0,3.0,3.0,2508.0,720.0,0.22386864569851775,0.28708133971291866
8.0,3.0,3.0,5102.0,1310.0,0.22447742347998742,0.25676205409643277
8.0,6.0,6.0,80800.0,18422.0,0.20852668890761625,0.2279950495049505
8.0,7.0,7.0,25394.0,5749.0,0.17823100212540532,0.22639206111679924
8.0,3.0,3.0,14014.0,3245.0,0.19112256905714697,0.2315541601255887
8.0,5.0,5.0,1925.0,510.0,0.19879993916409172,0.2649350649350649
8.0,6.0,2.0,1011.0,239.0,0.19199032101612748,0.23639960435212662
8.0,0.0,0.0,2865.0,770.0,0.1832865839856811,0.268760907504363
8.0,1.0,1.0,100008.0,22901.0,0.2057951414922735,0.22899168066554676
8.0,5.0,5.0,6003.0,2082.0,0.21208410167354314,0.3468265867066467
10.0,6.0,6.0,100010.0,24331.0,0.19190767248243354,0.2432856714328567
10.0,7.0,7.0,24457.0,6155.0,0.1985963187998724,0.25166618963895815
10.0,7.0,7.0,100010.0,23987.0,0.1963765092024607,0.23984601539846015
10.0,0.0,0.0,55740.0,16165.0,0.21699750515111518,0.2900071761750987
10.0,4.0,4.0,26008.0,7871.0,0.22179810487348145,0.30263764995386033
10.0,0.0,0.0,2377.0,602.0,0.1892443758538627,0.2532604122843921
10.0,4.0,4.0,12069.0,3644.0,0.23888904018099888,0.3019305659126688
10.0,0.0,0.0,77944.0,19015.0,0.20528429160943804,0.24395720004105512
10.0,6.0,6.0,3348.0,802.0,0.20631528869806517,0.23954599761051373
10.0,3.0,3.0,1061.0,265.0,0.22149881368102015,0.24976437323279924
10.0,5.0,3.0,100010.0,21640.0,0.19046887155568654,0.21637836216378362
10.0,5.0,5.0,56455.0,16145.0,0.22227733743480443,0.2859799840580994
10.0,6.0,6.0,2618.0,528.0,0.20115041876768364,0.20168067226890757
10.0,6.0,8.0,100010.0,21777.0,0.18888520417982654,0.21774822517748224
10.0,4.0,4.0,66960.0,17932.0,0.21091343259941014,0.2678016726403823
10.0,9.0,9.0,4974.0,1309.0,0.20037580007377,0.26316847607559307
10.0,8.0,8.0,8053.0,2219.0,0.1877077223008426,0.27554948466410034
10.0,3.0,3.0,13813.0,3165.0,0.18833048542055011,0.22913197712300007
10.0,4.0,3.0,1632.0,417.0,0.18038566483145174,0.2555147058823529
10.0,1.0,1.0,1467.0,353.0,0.21095606528465027,0.24062713019768234
10.0,7.0,6.0,1057.0,244.0,0.21172984863296854,0.23084200567644275
10.0,0.0,0.0,1589.0,380.0,0.1866982155111602,0.23914411579609818
10.0,4.0,4.0,35059.0,9160.0,0.19378304241156968,0.2612738526483927
10.0,6.0,6.0,9462.0,2157.0,0.17865947367351548,0.22796448953709575
10.0,2.0,2.0,14935.0,4264.0,0.20368702684531015,0.2855038500167392
10.0,7.0,7.0,29147.0,8653.0,0.22664799325032042,0.29687446392424605
10.0,3.0,3.0,36658.0,8203.0,0.18912431231103918,0.22377107316274755
10.0,5.0,5.0,100010.0,20282.0,0.17143659181480497,0.2027997200279972
10.0,3.0,8.0,100010.0,27467.0,0.2039160089761151,0.27464253574642533
10.0,6.0,6.0,3613.0,918.0,0.20511427328331927,0.2540824799335732
10.0,1.0,1.0,16492.0,4132.0,0.21368222323995392,0.25054571913655105
10.0,2.0,8.0,62090.0,12656.0,0.16606749867271575,0.20383314543404735
12.0,7.0,7.0,17474.0,4055.0,0.21434617621761656,0.2320590591736294
12.0,5.0,5.0,13672.0,3840.0,0.21763625119842478,0.280866003510825
12.0,6.0,6.0,1062.0,269.0,0.20865241228747156,0.2532956685499058
12.0,2.0,2.0,15841.0,3785.0,0.18447174164942123,0.23893693579950762
12.0,6.0,6.0,9653.0,2066.0,0.17981026469371228,0.21402672744224593
12.0,3.0,3.0,5546.0,1320.0,0.20400151441677183,0.23800937612693834
12.0,7.0,7.0,100012.0,26350.0,0.20633432914823133,0.2634683837939447
12.0,1.0,1.0,79707.0,19566.0,0.1957873952151199,0.2454740487033761
12.0,6.0,6.0,52894.0,14186.0,0.2053067052119136,0.26819677090029115
12.0,10.0,10.0,9225.0,2265.0,0.19091640920156946,0.24552845528455283
12.0,11.0,11.0,5247.0,1361.0,0.18307449895312666,0.2593863159900896
12.0,6.0,6.0,30112.0,8389.0,0.21692606321868615,0.2785932518597237
12.0,4.0,10.0,5080.0,1297.0,0.2176280254619296,0.25531496062992126
12.0,7.0,7.0,3276.0,750.0,0.18596653174794012,0.22893772893772893
12.0,3.0,3.0,58237.0,14578.0,0.20123105700248525,0.2503219602658104
12.0,0.0,0.0,100012.0,27145.0,0.21175510384477644,0.271417429908411
12.0,4.0,4.0,4733.0,1060.0,0.20085334369566102,0.22395943376294106
12.0,7.0,7.0,30637.0,9344.0,0.2300932258355264,0.3049906975226034
12.0,3.0,7.0,20346.0,4206.0,0.1719120200380129,0.20672368033028604
12.0,4.0,4.0,12568.0,3656.0,0.21920602174247597,0.29089751750477405
12.0,6.0,6.0,52534.0,12348.0,0.2037329797548035,0.2350477785814901
12.0,11.0,11.0,90749.0,26340.0,0.215734815260206,0.2902511322438815
12.0,3.0,3.0,22148.0,4783.0,0.1807800682674725,0.2159562940220336
12.0,7.0,7.0,68266.0,15918.0,0.20113510735217432,0.2331761052354027
12.0,3.0,3.0,19489.0,4365.0,0.1966513476167979,0.22397249730617272
12.0,9.0,9.0,1402.0,297.0,0.18966281969558305,0.21184022824536378
12.0,7.0,7.0,6186.0,1433.0,0.18903964211824742,0.2316521176850954
12.0,5.0,5.0,3712.0,865.0,0.19088184147345452,0.2330280172413793
12.0,5.0,5.0,14027.0,4086.0,0.20792050200334491,0.2912953589505953
12.0,2.0,7.0,1235.0,217.0,0.16962109638512834,0.1757085020242915
12.0,7.0,7.0,12336.0,2974.0,0.21059629673137947,0.24108300907911803
12.0,3.0,3.0,100012.0,21605.0,0.18192045101708912,0.2160240771107467
14.0,10.0,10.0,2718.0,747.0,0.2247520561399483,0.27483443708609273
14.0,6.0,6.0,1330.0,326.0,0.20052253074542253,0.24511278195488723
14.0,5.0,5.0,12469.0,3517.0,0.1994253925987031,0.2820595075787954
14.0,2.0,2.0,100014.0,26445.0,0.2016672638118813,0.2644129821824944
14.0,3.0,8.0,2666.0,555.0,0.17007963640890789,0.20817704426106526
14.0,7.0,7.0,5191.0,1288.0,0.20526609434812304,0.24812174918127528
14.0,11.0,11.0,100014.0,26712.0,0.21771986671214402,0.2670826084348191
14.0,11.0,11.0,35066.0,8486.0,0.19515250001990872,0.24200079849426795
14.0,8.0,8.0,29220.0,8121.0,0.21766309098810704,0.2779260780287474
14.0,4.0,9.0,1165.0,236.0,0.16605939910182096,0.20257510729613734
14.0,0.0,10.0,1197.0,278.0,0.21525800669334977,0.2322472848788638
14.0,2.0,2.0,23542.0,6189.0,0.19773274090412105,0.2628918528587206
14.0,10.0,9.0,100014.0,22514.0,0.19696923858130697,0.2251084848121263
14.0,10.0,10.0,32418.0,8435.0,0.2198345925846664,0.26019495342093896
14.0,1.0,8.0,100014.0,22791.0,0.17305200059189688,0.2278780970664107
14.0,4.0,5.0,3840.0,861.0,0.19278765818579108,0.22421875
14.0,8.0,8.0,1395.0,307.0,0.18914680318950777,0.22007168458781362
14.0,1.0,1.0,4472.0,1078.0,0.21381015384352048,0.24105545617173524
14.0,2.0,2.0,100014.0,23841.0,0.18513751469654077,0.2383766272721819
14.0,12.0,12.0,1015.0,211.0,0.19202600714585702,0.20788177339901479
14.0,2.0,9.0,1675.0,381.0,0.20296037777036124,0.22746268656716417
14.0,11.0,11.0,100014.0,24844.0,0.20540648739915493,0.24840522326874237
14.0,11.0,11.0,2198.0,495.0,0.20103506943235713,0.22520473157415832
14.0,1.0,1.0,13084.0,3412.0,0.2095683825795476,0.2607765209416081
14.0,7.0,7.0,1066.0,278.0,0.19957377992680508,0.2607879924953096
14.0,9.0,9.0,26531.0,7140.0,0.19946093732703715,0.2691191436432852
14.0,13.0,13.0,100014.0,25278.0,0.2027006109725483,0.2527446157537945
14.0,0.0,0.0,6891.0,1678.0,0.1959861948222709,0.24350602234799013
14.0,11.0,11.0,15703.0,3855.0,0.18469709078255225,0.2454944914984398
14.0,9.0,9.0,1374.0,301.0,0.17030979747276692,0.2190684133915575
14.0,7.0,7.0,2528.0,556.0,0.1864374499953703,0.2199367088607595
14.0,9.0,9.0,55881.0,13034.0,0.1847779318907765,0.23324564699987474
16.0,4.0,4.0,100016.0,26867.0,0.20575712534923724,0.2686270196768517
16.0,8.0,8.0,100016.0,27357.0,0.20619383123303697,0.27352623580227164
16.0,0.0,0.0,100016.0,25249.0,0.20664081338136883,0.25244960806270994
16.0,2.0,1.0,1070.0,216.0,0.17843477909872557,0.20186915887850468
16.0,11.0,11.0,6982.0,2105.0,0.20144349228195563,0.30148954454311083
16.0,8.0,8.0,73476.0,20915.0,0.2050720841231855,0.28465077031956015
16.0,13.0,13.0,6013.0,1616.0,0.20767608718409375,0.2687510394146017
16.0,12.0,12.0,16523.0,5128.0,0.21909892849940532,0.31035526236155664
16.0,6.0,6.0,41552.0,10723.0,0.1916013001031697,0.2580621871390065
16.0,6.0,9.0,2055.0,435.0,0.17712140255344394,0.2116788321167883
16.0,13.0,2.0,100016.0,23447.0,0.18013505905004346,0.23443249080147177
16.0,0.0,0.0,26257.0,6292.0,0.21253480033408434,0.23963133640552994
16.0,8.0,8.0,100016.0,27729.0,0.1953238099255359,0.2772456406974884
16.0,6.0,6.0,100016.0,26573.0,0.20229160825111167,0.26568749000159975
16.0,9.0,9.0,100016.0,25604.0,0.18495005770155815,0.25599904015357544
16.0,8.0,8.0,26520.0,6541.0,0.19125859644815163,0.24664404223227754
16.0,8.0,12.0,100016.0,23614.0,0.19800307828830674,0.23610222364421693
16.0,1.0,1.0,100016.0,25301.0,0.18415055831298688,0.2529695248760198
16.0,7.0,7.0,10444.0,2923.0,0.1873966257417392,0.27987361164304864
16.0,12.0,15.0,2761.0,697.0,0.20440602037072025,0.2524447663889895
16.0,1.0,1.0,100016.0,24616.0,0.1903561976742208,0.24612062070068788
16.0,0.0,0.0,21587.0,5207.0,0.20393230201023038,0.24120998749247233
16.0,5.0,5.0,100016.0,25917.0,0.19611519379192285,0.25912853943369063
16.0,14.0,0.0,1120.0,272.0,0.2299223427745395,0.24285714285714285
16.0,9.0,9.0,47745.0,9538.0,0.1783428098714366,0.19976960938318147
16.0,10.0,10.0,3088.0,826.0,0.19445149272002654,0.26748704663212436
16.0,9.0,9.0,4893.0,1342.0,0.19840155537658705,0.2742693643981198
16.0,6.0,6.0,1404.0,380.0,0.2035853162971757,0.2706552706552707
16.0,2.0,2.0,100016.0,22006.0,0.19061042444454257,0.22002479603263478
16.0,8.0,13.0,3577.0,827.0,0.19894875823231978,0.23119932904668716
16.0,6.0,6.0,9364.0,2127.0,0.19159084135856097,0.22714651858180265
16.0,5.0,5.0,49653.0,13833.0,0.2167621582951028,0.2785934384629328
18.0,9.0,9.0,100018.0,25971.0,0.2056609040475858,0.25966326061308964
18.0,7.0,12.0,3038.0,644.0,0.19721951697403986,0.2119815668202765
18.0,14.0,14.0,19057.0,5631.0,0.1824761074687454,0.29548197512724983
18.0,15.0,16.0,2251.0,485.0,0.17467503492145325,0.21545979564637938
18.0,16.0,16.0,37534.0,9084.0,0.19707854914312162,0.24202056801833005
18.0,1.0,1.0,100018.0,22863.0,0.1888209039389238,0.22858885400627887
18.0,15.0,15.0,100018.0,28795.0,0.1836527467826208,0.287898178327901
18.0,2.0,2.0,1436.0,369.0,0.22015194407095362,0.25696378830083566
18.0,4.0,4.0,82616.0,22189.0,0.20912506124736738,0.2685799360898615
18.0,15.0,15.0,100018.0,24529.0,0.19192585649422045,0.24524585574596572
18.0,15.0,15.0,100018.0,25771.0,0.21058628406375302,0.25766362054830133
18.0,11.0,11.0,1228.0,319.0,0.18987946485974766,0.25977198697068404
18.0,13.0,13.0,3366.0,727.0,0.18878174907438094,0.21598336304218657
18.0,13.0,13.0,7440.0,1913.0,0.21994027303937685,0.2571236559139785
18.0,12.0,12.0,1119.0,310.0,0.20698505648209414,0.2770330652368186
18.0,12.0,2.0,1899.0,484.0,0.19286605644910332,0.25487098472880465
18.0,4.0,12.0,100018.0,23498.0,0.1910806896611551,0.23493771121198184
18.0,10.0,10.0,32580.0,8267.0,0.20753521546255704,0.25374462860650704
18.0,1.0,1.0,1761.0,482.0,0.21544669546977196,0.2737081203861442
18.0,13.0,13.0,2220.0,541.0,0.20687158825764057,0.2436936936936937
18.0,7.0,7.0,2420.0,576.0,0.18030334152714056,0.23801652892561984
18.0,17.0,17.0,40139.0,11438.0,0.21438266832602756,0.28495976481726004
18.0,7.0,7.0,3843.0,974.0,0.21989484822062003,0.25344782721831904
18.0,9.0,9.0,37783.0,9716.0,0.20241919843675574,0.25715268771669797
18.0,3.0,3.0,35679.0,8408.0,0.2038679697332191,0.23565682894699963
18.0,9.0,9.0,2988.0,931.0,0.21215480596012556,0.3115796519410977
18.0,3.0,12.0,100018.0,23782.0,0.20154053423233687,0.2377772001039813
18.0,2.0,0.0,1777.0,378.0,0.18771398899671354,0.21271806415306696
18.0,17.0,17.0,84973.0,20940.0,0.1819718173216344,0.24643121932849257
18.0,14.0,14.0,17490.0,4632.0,0.20784595388127625,0.2648370497427101
18.0,17.0,1.0,4982.0,1193.0,0.20197253896175893,0.23946206342834203
18.0,6.0,13.0,1772.0,425.0,0.2163121479987826,0.23984198645598195
20.0,11.0,11.0,77531.0,21539.0,0.1987243002186347,0.2778114560627362
20.0,8.0,13.0,3333.0,787.0,0.18516839357936477,0.23612361236123613
20.0,19.0,19.0,32476.0,7705.0,0.18685254125341644,0.23725212464589235
20.0,10.0,10.0,1780.0,406.0,0.18654237223628412,0.22808988764044943
20.0,5.0,5.0,7271.0,1715.0,0.18079622413414956,0.23586851877320864
20.0,8.0,6.0,14988.0,3791.0,0.20732895014816294,0.2529356818788364
20.0,18.0,18.0,1861.0,441.0,0.21322843848045178,0.2369693713057496
20.0,3.0,3.0,3562.0,791.0,0.18838961517360414,0.22206625491297025
20.0,18.0,7.0,3574.0,798.0,0.1888230817851128,0.22327923894795748
20.0,11.0,11.0,1021.0,238.0,0.19122318476070227,0.23310479921645447
20.0,14.0,14.0,100020.0,27396.0,0.20264710768488792,0.2739052189562088
20.0,18.0,18.0,100020.0,26444.0,0.19192836174046168,0.2643871225754849
20.0,15.0,2.0,100020.0,26336.0,0.1937220194718821,0.26330733853229354
20.0,10.0,10.0,12948.0,4112.0,0.20283318984401383,0.3175780043249923
20.0,12.0,7.0,1775.0,497.0,0.21484008469276578,0.28
20.0,13.0,13.0,2182.0,570.0,0.20096484086051797,0.2612282309807516
20.0,14.0,6.0,20409.0,4931.0,0.18341777248179814,0.2416090940271449
20.0,5.0,5.0,4999.0,1490.0,0.2091526447951301,0.2980596119223845
20.0,15.0,15.0,31454.0,8432.0,0.21254683078819672,0.2680740128441534
20.0,5.0,5.0,1829.0,482.0,0.2122168857863007,0.263531984691088
20.0,13.0,13.0,4804.0,1297.0,0.19851551766821324,0.2699833472106578
20.0,8.0,8.0,35886.0,10863.0,0.21924969986254572,0.30270857716100985
20.0,16.0,16.0,20456.0,5713.0,0.21514017853490017,0.2792823621431365
20.0,7.0,2.0,100020.0,23753.0,0.20427736044329414,0.23748250349930014
20.0,12.0,12.0,15519.0,4664.0,0.2100913940850609,0.3005348282750177
20.0,3.0,3.0,4877.0,1200.0,0.19155625109244764,0.24605290137379537
20.0,19.0,12.0,1781.0,355.0,0.1920046361424356,0.19932622122403143
20.0,12.0,6.0,1072.0,194.0,0.19833206031865952,0.18097014925373134
20.0,8.0,8.0,95645.0,28636.0,0.2020883200730582,0.29939881854775474
20.0,5.0,15.0,100020.0,24768.0,0.19939469646222938,0.24763047390521895
20.0,1.0,1.0,29093.0,7025.0,0.19911654401321904,0.24146701955796926
20.0,13.0,13.0,100020.0,29902.0,0.21311650253126269,0.29896020795840833
22.0,3.0,3.0,80907.0,22156.0,0.20643494190864295,0.2738452791476634
22.0,17.0,17.0,55606.0,16330.0,0.21279956486222923,0.2936733446031004
22.0,3.0,3.0,100022.0,26314.0,0.20883196427738415,0.2630821219331747
22.0,21.0,21.0,16094.0,4149.0,0.19378175186833782,0.2577979371194234
22.0,0.0,0.0,30881.0,8432.0,0.21269425590814278,0.27304815258573234
22.0,16.0,16.0,26786.0,7409.0,0.1920988547163405,0.2765997162696931
22.0,21.0,21.0,11878.0,3773.0,0.2182191855818074,0.317646068361677
22.0,21.0,21.0,15409.0,4447.0,0.20619667045254955,0.28859757284703746
22.0,16.0,16.0,3951.0,990.0,0.1984072990934236,0.2505694760820046
22.0,1.0,1.0,1498.0,364.0,0.19526477387372793,0.24299065420560748
22.0,4.0,18.0,14929.0,3538.0,0.2027196679955879,0.23698841181592872
22.0,14.0,14.0,2701.0,683.0,0.19877512716734272,0.2528693076638282
22.0,17.0,17.0,1260.0,332.0,0.19498524564472036,0.2634920634920635
22.0,3.0,3.0,22912.0,6271.0,0.17962355477202446,0.27369937150837986
22.0,11.0,11.0,11090.0,2958.0,0.2154913561767273,0.266726780883679
22.0,12.0,12.0,58808.0,15146.0,0.1947713276591517,0.2575499931982043
22.0,7.0,7.0,100022.0,26574.0,0.21158051534229372,0.265681550058987
22.0,10.0,10.0,22232.0,6760.0,0.20169216940292356,0.3040662108672184
22.0,18.0,18.0,49351.0,14764.0,0.21362710896035822,0.2991631375250755
22.0,9.0,2.0,1549.0,363.0,0.19279322246266684,0.2343447385409942
22.0,16.0,17.0,10424.0,2943.0,0.22718648110847156,0.2823292402148887
22.0,15.0,14.0,3363.0,706.0,0.19221385911212147,0.20993160868272376
22.0,4.0,4.0,22448.0,5894.0,0.21563711647834635,0.2625623663578047
22.0,0.0,0.0,100022.0,24473.0,0.18356331088564756,0.24467617124232668
22.0,12.0,12.0,69800.0,18801.0,0.20808988077664273,0.26935530085959886
22.0,17.0,17.0,100022.0,29291.0,0.2010950925884394,0.2928455739737258
22.0,7.0,7.0,100022.0,24633.0,0.18719467549624325,0.24627581931974965
22.0,8.0,8.0,100022.0,29936.0,0.21119057047239637,0.29929415528583714
22.0,6.0,6.0,8223.0,2895.0,0.20575704523228475,0.35206129149945276
22.0,0.0,6.0,100022.0,29547.0,0.21236686437578278,0.2954050108976025
22.0,10.0,10.0,7489.0,1667.0,0.18498110565794249,0.22259313660034719
22.0,12.0,12.0,27761.0,7400.0,0.19068698955520322,0.2665610028457188
24.0,4.0,4.0,38995.0,10890.0,0.1897199218635016,0.27926657263751764
24.0,8.0,18.0,31248.0,8226.0,0.19280905646549684,0.2632488479262673
24.0,3.0,3.0,88353.0,24270.0,0.18546341485988194,0.27469355879257074
24.0,12.0,5.0,13667.0,2866.0,0.1860559870299602,0.20970220238530768
24.0,14.0,14.0,28531.0,8455.0,0.20385269941579373,0.29634432722302056
24.0,7.0,7.0,59689.0,16265.0,0.1925062776778367,0.27249576973981804
24.0,22.0,12.0,2689.0,547.0,0.20143887682741315,0.2034213462253626
24.0,1.0,1.0,12950.0,2770.0,0.18177851818049776,0.2138996138996139
24.0,5.0,17.0,100024.0,26531.0,0.20868086806188457,0.2652463408781892
24.0,3.0,3.0,100024.0,25447.0,0.1953032055858095,0.2544089418539551
24.0,5.0,5.0,18629.0,5736.0,0.21178649951376602,0.3079070266788341
24.0,8.0,0.0,100024.0,26829.0,0.20079857401628065,0.26822562584979603
24.0,6.0,2.0,3717.0,858.0,0.19453975998900427,0.23083131557707828
24.0,10.0,10.0,100024.0,27923.0,0.19967362648887443,0.27916300087978885
24.0,5.0,5.0,24462.0,5927.0,0.18767792897398042,0.2422941705502412
24.0,17.0,17.0,2470.0,645.0,0.19116993975532162,0.2611336032388664
24.0,12.0,12.0,47302.0,14668.0,0.2058112067729175,0.3100925965075472
24.0,9.0,9.0,96808.0,27979.0,0.20833136493498192,0.2890153706305264
24.0,12.0,12.0,2134.0,486.0,0.2057259037364517,0.22774133083411435
24.0,16.0,16.0,67479.0,18674.0,0.1951829238813695,0.27673794810237257
24.0,20.0,20.0,100024.0,27450.0,0.2097394993235054,0.2744341358074062
24.0,17.0,17.0,100024.0,23180.0,0.17628913306984542,0.23174438134847636
24.0,6.0,6.0,20240.0,5314.0,0.1813797077157001,0.2625494071146245
24.0,17.0,17.0,100024.0,24890.0,0.19971351381196134,0.24884027833320002
24.0,22.0,22.0,100024.0,27290.0,0.2018356141748141,0.27283451971526834
24.0,8.0,8.0,35066.0,8695.0,0.20890808597640217,0.24796098785148007
24.0,14.0,14.0,3635.0,917.0,0.19888504500392457,0.25226960110041263
24.0,16.0,16.0,35277.0,10152.0,0.19999779825850528,0.2877795730929501
24.0,19.0,19.0,7920.0,2045.0,0.20199839289352306,0.2582070707070707
24.0,2.0,13.0,100024.0,25543.0,0.19423198560028618,0.2553687115092378
24.0,22.0,22.0,100024.0,27869.0,0.21470462484078467,0.2786231304486923
24.0,14.0,14.0,19404.0,4476.0,0.18183678681142026,0.23067408781694496
26.0,0.0,0.0,100026.0,28548.0,0.18799451170120418,0.28540579449343173
26.0,22.0,22.0,5860.0,1305.0,0.20958906316975742,0.2226962457337884
26.0,18.0,2.0,100026.0,23062.0,0.19485243060661006,0.23056005438585966
26.0,25.0,25.0,6924.0,1675.0,0.20064185063317877,0.24191218948584634
26.0,4.0,4.0,82979.0,25215.0,0.21503286401594096,0.3038720640161969
26.0,14.0,15.0,4542.0,1098.0,0.18547338927792423,0.24174372523117568
26.0,11.0,11.0,2218.0,528.0,0.20258752720663867,0.23805229936880073
26.0,14.0,3.0,16140.0,3826.0,0.2059421786418019,0.23705080545229243
26.0,10.0,10.0,7093.0,1860.0,0.1960588533758754,0.2622303679684196
26.0,3.0,3.0,75416.0,22221.0,0.19726796386824968,0.2946456985255118
26.0,8.0,8.0,14207.0,3400.0,0.18314295803043834,0.23931864573801648
26.0,22.0,9.0,1027.0,224.0,0.19929229291162234,0.2181110029211295
26.0,7.0,7.0,5046.0,1128.0,0.19922606049636007,0.2235434007134364
26.0,11.0,11.0,11691.0,2979.0,0.19448527336353644,0.2548113933795227
26.0,24.0,9.0,1328.0,364.0,0.1973577845133498,0.2740963855421687
26.0,7.0,7.0,9131.0,2388.0,0.17181030224060073,0.2615266673967802
26.0,16.0,16.0,21966.0,5490.0,0.19968844888134402,0.24993171264681782
26.0,18.0,18.0,79347.0,23032.0,0.20057666683401065,0.29026932335185957
26.0,17.0,17.0,4820.0,1152.0,0.19131681656576832,0.23900414937759337
26.0,2.0,2.0,1649.0,399.0,0.17863478455093815,0.2419648271679806
26.0,22.0,22.0,7856.0,2085.0,0.2180811519111573,0.26540224032586557
26.0,9.0,9.0,12032.0,3984.0,0.20974481930860042,0.33111702127659576
26.0,7.0,7.0,17805.0,3928.0,0.17092839260255818,0.22061218758775625
26.0,21.0,21.0,24242.0,5870.0,0.1995523262807731,0.2421417374804059
26.0,16.0,7.0,1035.0,279.0,0.2120159614479212,0.26956521739130435
26.0,4.0,4.0,100026.0,25954.0,0.198099854046009,0.2594725371403435
26.0,2.0,22.0,1305.0,294.0,0.19977230978538024,0.22528735632183908
26.0,7.0,10.0,31253.0,7630.0,0.20229961771301413,0.24413656288996258
26.0,14.0,14.0,42351.0,12593.0,0.19782477350408942,0.29734835068829546
26.0,24.0,24.0,11863.0,2847.0,0.1977916026012766,0.23998988451487818
26.0,12.0,5.0,2977.0,615.0,0.19197968285072117,0.20658380920389655
26.0,24.0,21.0,1683.0,337.0,0.2028452715490148,0.20023767082590613
28.0,11.0,11.0,100028.0,26915.0,0.19855313811587144,0.26907465909545325
28.0,4.0,17.0,16877.0,4494.0,0.18575885556484284,0.26627955205309
28.0,13.0,8.0,22953.0,6614.0,0.21203205032550643,0.2881540539363046
28.0,17.0,17.0,100028.0,29456.0,0.21299885243053568,0.29447754628703965
28.0,2.0,3.0,1200.0,279.0,0.2141854127144787,0.2325
28.0,6.0,6.0,41852.0,12392.0,0.19002571764774895,0.29609098728854055
28.0,16.0,16.0,100028.0,25029.0,0.18631675467022854,0.25021993841724316
28.0,9.0,1.0,23973.0,6755.0,0.23739360511715923,0.28177533058023607
28.0,13.0,13.0,40636.0,12879.0,0.21572998489788356,0.31693572201988385
28.0,6.0,6.0,100028.0,27304.0,0.19429651419951138,0.2729635702003439
28.0,0.0,1.0,100028.0,25736.0,0.20094307063074593,0.257287959371376
28.0,15.0,8.0,9834.0,2589.0,0.20006013012691742,0.26327028676021963
28.0,25.0,14.0,1588.0,381.0,0.2117835911875725,0.23992443324937027
28.0,1.0,1.0,20651.0,5353.0,0.20794742806530903,0.2592126289283812
28.0,8.0,8.0,14448.0,3148.0,0.18465420875339397,0.21788482834994463
28.0,7.0,7.0,100028.0,29790.0,0.20674416950864646,0.2978166113488223
28.0,14.0,14.0,1029.0,240.0,0.198829669599768,0.23323615160349853
28.0,19.0,18.0,1035.0,238.0,0.20257303465052803,0.22995169082125605
28.0,23.0,18.0,30092.0,7658.0,0.20529999875724794,0.25448624219061544
28.0,14.0,9.0,2276.0,491.0,0.20512859973627293,0.2157293497363796
28.0,15.0,15.0,100028.0,24916.0,0.19564377783289857,0.24909025472867596
28.0,19.0,19.0,8410.0,1799.0,0.19763265157636625,0.21391200951248512
28.0,26.0,26.0,76554.0,20276.0,0.1896427816458161,0.2648587924863495
28.0,27.0,27.0,100028.0,28973.0,0.18593522758512565,0.2896488983084736
28.0,26.0,16.0,10117.0,2641.0,0.21858549628107568,0.2610457645547099
28.0,4.0,24.0,22699.0,5565.0,0.1898532140473423,0.2451649852416406
28.0,11.0,11.0,14489.0,3712.0,0.18409821440376092,0.2561943543377735
28.0,5.0,5.0,100028.0,27458.0,0.19092302435086292,0.2745031391210461
28.0,3.0,3.0,50820.0,14035.0,0.19183594730129233,0.2761707988980716
28.0,5.0,5.0,3009.0,767.0,0.21180390709252733,0.2549019607843137
28.0,24.0,24.0,100028.0,33752.0,0.22487312981074306,0.33742552085416083
28.0,15.0,15.0,8625.0,2096.0,0.20177504965437748,0.2430144927536232
30.0,18.0,8.0,1075.0,255.0,0.2092928986635789,0.2372093023255814
30.0,20.0,20.0,1445.0,322.0,0.20645855539986305,0.22283737024221453
30.0,18.0,18.0,100030.0,27365.0,0.20123225695624833,0.27356792962111365
30.0,16.0,16.0,3925.0,1076.0,0.20403212527248688,0.27414012738853505
30.0,26.0,16.0,1277.0,287.0,0.1901882171316773,0.22474549725920126
30.0,6.0,3.0,4206.0,1119.0,0.2109056874701901,0.2660485021398003
30.0,13.0,13.0,18579.0,5846.0,0.20089702320143307,0.31465633241832175
30.0,23.0,0.0,2666.0,605.0,0.19575015067568252,0.22693173293323332
30.0,19.0,19.0,8887.0,1946.0,0.18309376278819506,0.21897153145043322
30.0,9.0,9.0,35741.0,9805.0,0.18856078840340548,0.2743347975714166
30.0,27.0,27.0,14444.0,4548.0,0.20543340347586017,0.31487122680697865
30.0,7.0,7.0,26357.0,6927.0,0.1844089472659182,0.2628144325985507
30.0,18.0,21.0,2474.0,567.0,0.19849801075532192,0.2291835084882781
30.0,11.0,11.0,100030.0,25460.0,0.19413828484243287,0.25452364290712787
30.0,2.0,2.0,68441.0,18216.0,0.20628911437474287,0.266156251369793
30.0,10.0,10.0,9032.0,1798.0,0.17203389663505503,0.1990699734278122
30.0,28.0,28.0,100030.0,27700.0,0.19392684240602648,0.27691692492252323
30.0,21.0,21.0,13997.0,3297.0,0.2053558635650999,0.23555047510180754
30.0,13.0,13.0,12057.0,3039.0,0.1985554251581672,0.25205274944015926
30.0,1.0,1.0,100030.0,26505.0,0.19395967109688045,0.2649705088473458
30.0,24.0,24.0,1346.0,290.0,0.1952297088917911,0.21545319465081725
30.0,10.0,10.0,3302.0,794.0,0.20804744736663328,0.2404603270745003
30.0,24.0,24.0,1446.0,343.0,0.20445000902284555,0.23720608575380359
30.0,24.0,29.0,1035.0,269.0,0.20434293200365486,0.2599033816425121
30.0,7.0,1.0,1537.0,307.0,0.19609343044339325,0.19973975276512687
30.0,19.0,19.0,21627.0,5328.0,0.19483195953236476,0.24635871826883063
30.0,24.0,28.0,1576.0,375.0,0.1900793595295755,0.23794416243654823
30.0,23.0,23.0,48348.0,11909.0,0.20492599564684932,0.2463183585670555
30.0,23.0,17.0,1562.0,339.0,0.20666507526332178,0.21702944942381563
30.0,12.0,16.0,1352.0,275.0,0.19711429575524125,0.20340236686390534
30.0,8.0,8.0,100030.0,28152.0,0.20430986395116763,0.2814355693292012
30.0,25.0,20.0,4259.0,973.0,0.19539026272361268,0.2284573843625264
32.0,4.0,4.0,13458.0,3329.0,0.19326243392224593,0.24736216376876208
32.0,11.0,11.0,100032.0,27353.0,0.199801989134255,0.2734424984005118
32.0,10.0,10.0,12715.0,2966.0,0.18667800846469743,0.23326779394416045
32.0,21.0,21.0,22637.0,6335.0,0.20743453149316082,0.27985157043777886
32.0,22.0,22.0,13435.0,3189.0,0.17895863681241367,0.23736509117975438
32.0,29.0,19.0,1189.0,287.0,0.2104213798205939,0.2413793103448276
32.0,3.0,3.0,100032.0,26124.0,0.20166035484457148,0.26115642994241844
32.0,28.0,28.0,100032.0,26613.0,0.19307874293016186,0.26604486564299423
32.0,24.0,13.0,3274.0,827.0,0.21242012866053253,0.2525962125839951
32.0,29.0,29.0,6298.0,1502.0,0.20917947346207194,0.2384884090187361
32.0,23.0,23.0,100032.0,26763.0,0.2096409594704092,0.2675443857965451
32.0,10.0,10.0,7130.0,1723.0,0.20679939294146152,0.24165497896213184
32.0,16.0,16.0,3241.0,860.0,0.20572885212499648,0.26535020055538416
32.0,31.0,31.0,19122.0,5627.0,0.20637089541975684,0.2942683819684134
32.0,16.0,20.0,1326.0,300.0,0.1989752011562508,0.22624434389140272
32.0,20.0,6.0,3004.0,770.0,0.2043314432830488,0.2563249001331558
32.0,8.0,12.0,1068.0,238.0,0.2159967485042866,0.22284644194756553
32.0,3.0,3.0,3875.0,998.0,0.1950890189059417,0.2575483870967742
32.0,30.0,30.0,49840.0,13038.0,0.1973928643070682,0.2615971107544141
32.0,16.0,16.0,4248.0,1200.0,0.20270532523430906,0.2824858757062147
32.0,31.0,31.0,32822.0,10082.0,0.20622017505633877,0.30717201876789957
32.0,30.0,30.0,36061.0,10942.0,0.20102975335758771,0.3034302986606029
32.0,19.0,19.0,1600.0,345.0,0.19272139982370223,0.215625
32.0,27.0,21.0,1691.0,374.0,0.19480078096600575,0.22117090479006504
32.0,31.0,31.0,4305.0,1191.0,0.21021730703068772,0.27665505226480835
32.0,5.0,10.0,1511.0,361.0,0.19404145730063085,0.23891462607544672
32.0,17.0,17.0,100032.0,26352.0,0.18909409119935816,0.2634357005758157
32.0,2.0,2.0,100032.0,26704.0,0.1978213237278021,0.26695457453614846
32.0,27.0,27.0,2038.0,452.0,0.1946122038253184,0.22178606476938176
32.0,11.0,3.0,12123.0,2980.0,0.19834795799955818,0.24581374247298524
32.0,5.0,5.0,2338.0,547.0,0.2020841251273006,0.2339606501283148
32.0,1.0,5.0,100032.0,26482.0,0.20132166347292352,0.2647352847088932
34.0,2.0,29.0,1091.0,215.0,0.19282691002423263,0.19706691109074242
34.0,4.0,4.0,100034.0,28087.0,0.18433307336389,0.28077453665753643
34.0,21.0,21.0,98004.0,24819.0,0.19539518606039488,0.2532447655197747
34.0,32.0,32.0,100034.0,28005.0,0.19739026714670224,0.27995481536277667
34.0,16.0,16.0,17797.0,4764.0,0.2049882353652161,0.2676855649828623
34.0,11.0,31.0,100034.0,25071.0,0.2009112070275194,0.25062478757222545
34.0,15.0,12.0,2619.0,641.0,0.2122068860929977,0.24474990454371898
34.0,24.0,24.0,100034.0,29322.0,0.19702700853963517,0.2931203390847112
34.0,20.0,20.0,100034.0,27771.0,0.19907244581738048,0.2776156106923646
34.0,32.0,32.0,82780.0,23119.0,0.19454248947223723,0.2792824353708625
34.0,6.0,6.0,13569.0,3729.0,0.2166209971975206,0.27481759893875746
34.0,5.0,13.0,4015.0,858.0,0.19872171936943223,0.2136986301369863
34.0,31.0,2.0,1065.0,240.0,0.1878903713290214,0.22535211267605634
34.0,2.0,22.0,100034.0,26252.0,0.18503073827910516,0.2624307735369974
34.0,2.0,11.0,1056.0,241.0,0.1994617387938742,0.22821969696969696
34.0,14.0,8.0,2383.0,595.0,0.2040506190785835,0.24968527066722618
34.0,0.0,0.0,32875.0,8279.0,0.18582594285048792,0.25183269961977184
34.0,32.0,17.0,21886.0,5551.0,0.20650185029066034,0.25363245910627796
34.0,30.0,11.0,1786.0,414.0,0.20936619784429988,0.23180291153415453
34.0,15.0,15.0,100034.0,28982.0,0.21337823046609414,0.2897214946918048
34.0,24.0,24.0,91606.0,26575.0,0.19684626355556722,0.2901010850817632
34.0,18.0,18.0,100034.0,28019.0,0.19707663118512286,0.28009476777895514
34.0,23.0,23.0,100034.0,28884.0,0.19939157083781697,0.2887418277785553
34.0,1.0,1.0,2863.0,667.0,0.20153674890054601,0.2329724065665386
34.0,31.0,29.0,100034.0,25980.0,0.1886000165178941,0.2597116980226723
34.0,26.0,29.0,3309.0,722.0,0.18713989868972106,0.2181928074947114
34.0,23.0,24.0,1699.0,368.0,0.18970354947113371,0.21659799882283695
34.0,6.0,2.0,1099.0,259.0,0.209181797849704,0.2356687898089172
34.0,10.0,30.0,7750.0,1802.0,0.19862155318544233,0.23251612903225807
34.0,13.0,10.0,1291.0,291.0,0.20994349691324296,0.22540666150271108
34.0,9.0,9.0,5145.0,1187.0,0.19246029269359374,0.23070942662779398
34.0,29.0,28.0,1060.0,211.0,0.19219866353805243,0.19905660377358492
36.0,35.0,35.0,97732.0,28295.0,0.20284135166972503,0.28951622805222443
36.0,7.0,7.0,45754.0,12204.0,0.20461062799173474,0.26673077763692793
36.0,28.0,28.0,10946.0,3108.0,0.20824484332683318,0.28393933857116754
36.0,22.0,22.0,1242.0,278.0,0.18527694200557288,0.22383252818035426
36.0,9.0,9.0,28170.0,7451.0,0.2067342616442375,0.264501242456514
36.0,11.0,3.0,1408.0,337.0,0.19909761831130265,0.2393465909090909
36.0,34.0,34.0,22009.0,5231.0,0.2004138644682529,0.23767549638784133
36.0,9.0,31.0,100036.0,26873.0,0.2025639421616659,0.2686332920148746
36.0,31.0,31.0,1085.0,255.0,0.20437180384753462,0.2350230414746544
36.0,33.0,33.0,1514.0,366.0,0.1962575596098966,0.24174372523117568
36.0,21.0,28.0,6143.0,1542.0,0.20252794826071413,0.25101741819957674
36.0,7.0,7.0,6032.0,1463.0,0.19118142942730565,0.24253978779840848
36.0,20.0,11.0,1580.0,363.0,0.1972531064584628,0.22974683544303798
36.0,8.0,8.0,100036.0,28030.0,0.20063463504334325,0.28019912831380706
36.0,27.0,27.0,33484.0,8436.0,0.20798656239342628,0.2519412256600167
36.0,10.0,35.0,1117.0,243.0,0.19964352081596665,0.21754700089525514
36.0,35.0,18.0,7206.0,1891.0,0.21005804322276006,0.26242020538440186
36.0,27.0,16.0,1779.0,430.0,0.21037064482856876,0.2417088251826869
36.0,33.0,17.0,100036.0,26821.0,0.20109808532710197,0.2681134791475069
36.0,3.0,21.0,100036.0,26104.0,0.19474874970825196,0.2609460594186093
36.0,24.0,24.0,100036.0,31308.0,0.20158475105938417,0.3129673317605662
36.0,13.0,29.0,1574.0,346.0,0.19595285453098513,0.21982210927573062
36.0,13.0,13.0,80415.0,21080.0,0.19686047391337655,0.2621401479823416
36.0,16.0,16.0,100036.0,28523.0,0.20439027053640058,0.2851273541525051
36.0,23.0,23.0,100036.0,27429.0,0.19606085751498564,0.2741912911351913
36.0,29.0,1.0,2898.0,677.0,0.1954459159572628,0.23360938578329882
36.0,20.0,29.0,1925.0,420.0,0.18057927749942587,0.21818181818181817
36.0,1.0,1.0,1075.0,236.0,0.20299308259245782,0.21953488372093025
36.0,29.0,29.0,10239.0,2677.0,0.20324989830408238,0.26145131360484425
36.0,22.0,22.0,6017.0,1528.0,0.20674973893454393,0.2539471497423965
36.0,34.0,34.0,69114.0,19539.0,0.203140783115758,0.2827068321902943
36.0,27.0,27.0,100036.0,28457.0,0.1965655204936032,0.28446759166699986
38.0,4.0,18.0,100038.0,28835.0,0.1892335129995649,0.28824046862192365
38.0,14.0,14.0,1450.0,366.0,0.19232237174502678,0.2524137931034483
38.0,21.0,21.0,2138.0,516.0,0.19352077805705403,0.24134705332086062
38.0,34.0,34.0,100038.0,31468.0,0.20303208922169813,0.31456046702253143
38.0,35.0,35.0,43212.0,12086.0,0.19164537839273035,0.27969082662223455
38.0,4.0,4.0,2091.0,485.0,0.20325949112236186,0.23194643711142993
38.0,6.0,6.0,14124.0,4773.0,0.19760612656165563,0.33793542905692436
38.0,24.0,25.0,100038.0,27103.0,0.2008030901091224,0.2709270477218657
38.0,6.0,21.0,14858.0,3681.0,0.1994336699976667,0.24774532238524702
38.0,36.0,27.0,1878.0,427.0,0.19975964522695283,0.2273695420660277
38.0,20.0,20.0,1449.0,397.0,0.18656295484806898,0.27398205659075225
38.0,19.0,19.0,33642.0,7889.0,0.18484515975630256,0.23449854348730753
38.0,21.0,21.0,46026.0,12449.0,0.19746091785803924,0.27047755616390734
38.0,32.0,17.0,1577.0,398.0,0.18838964377701709,0.25237793278376663
38.0,5.0,5.0,100038.0,30625.0,0.20176458518477608,0.30613366920570184
38.0,14.0,35.0,1245.0,335.0,0.20598365195540982,0.26907630522088355
38.0,0.0,0.0,95322.0,25915.0,0.1874211956109002,0.2718679843058266
38.0,18.0,18.0,3474.0,846.0,0.18813023916970228,0.24352331606217617
38.0,15.0,32.0,1648.0,408.0,0.21520456150912276,0.24757281553398058
38.0,10.0,25.0,1059.0,249.0,0.18962211554606218,0.23512747875354106
38.0,34.0,24.0,1622.0,367.0,0.20308281730768254,0.22626387176325524
38.0,24.0,35.0,1215.0,278.0,0.20336751972457603,0.2288065843621399
38.0,33.0,33.0,100038.0,27144.0,0.19558873657926656,0.2713368919810472
38.0,34.0,1.0,1042.0,245.0,0.20837961064657398,0.23512476007677544
38.0,10.0,2.0,21142.0,5747.0,0.19314928611507223,0.2718285876454451
38.0,22.0,22.0,100038.0,26657.0,0.19422499301570179,0.26646874187808633
38.0,31.0,31.0,48554.0,13826.0,0.19686519961686635,0.28475511801293407
38.0,15.0,15.0,31649.0,10644.0,0.21092409228340073,0.3363139435685172
38.0,35.0,18.0,2458.0,605.0,0.20399118342615588,0.24613506916192027
38.0,20.0,2.0,100038.0,28014.0,0.20841518907093234,0.28003358723685
38.0,18.0,18.0,49284.0,16236.0,0.21371203389167906,0.3294375456537619
38.0,32.0,32.0,94503.0,26178.0,0.1967572185570037,0.2770070791403447
40.0,29.0,29.0,1594.0,451.0,0.20235800406747906,0.28293601003764113
40.0,24.0,24.0,76577.0,23907.0,0.20956296049482903,0.31219556785980124
40.0,20.0,20.0,2441.0,668.0,0.212676552952835,0.2736583367472347
40.0,24.0,24.0,2402.0,565.0,0.19547914305027336,0.23522064945878435
40.0,0.0,8.0,2870.0,723.0,0.20230950180575763,0.2519163763066202
40.0,0.0,0.0,100040.0,29606.0,0.210727358449738,0.2959416233506597
40.0,24.0,24.0,100040.0,29348.0,0.19803642376797442,0.29336265493802477
40.0,20.0,27.0,100040.0,26587.0,0.19611673007124447,0.2657636945221911
40.0,3.0,32.0,100040.0,29063.0,0.190064069935052,0.2905137944822071
40.0,27.0,13.0,3046.0,712.0,0.18984900649025724,0.23374917925147734
40.0,6.0,6.0,83178.0,19963.0,0.177522960812653,0.24000336627473612
40.0,19.0,19.0,100040.0,27823.0,0.21102172781547343,0.2781187524990004
40.0,14.0,9.0,100040.0,27694.0,0.19432644503497848,0.27682926829268295
40.0,8.0,8.0,100040.0,27090.0,0.2073501414021016,0.2707916833266693
40.0,13.0,13.0,62399.0,19616.0,0.21126648455343044,0.31436401224378596
40.0,7.0,7.0,100040.0,30608.0,0.22007144143470941,0.3059576169532187
40.0,33.0,29.0,1228.0,256.0,0.20573947682585106,0.20846905537459284
40.0,9.0,2.0,1254.0,278.0,0.18666494955316168,0.22169059011164274
40.0,8.0,8.0,100040.0,29604.0,0.2097716812755396,0.295921631347461
40.0,33.0,33.0,2835.0,684.0,0.19726174783240355,0.24126984126984127
40.0,7.0,22.0,4027.0,953.0,0.19916720487310857,0.23665259498385896
40.0,38.0,38.0,56623.0,14459.0,0.19640486838339632,0.2553555975486993
40.0,13.0,13.0,2756.0,674.0,0.20184081040047985,0.24455732946298983
40.0,19.0,28.0,100040.0,28576.0,0.2111135065884339,0.2856457417033187
40.0,18.0,18.0,8200.0,1831.0,0.19189802202898038,0.22329268292682927
40.0,6.0,3.0,2218.0,544.0,0.19703966073144014,0.24526600541027954
40.0,36.0,32.0,1062.0,265.0,0.19513934973153807,0.2495291902071563
40.0,34.0,34.0,100040.0,29147.0,0.19789623051374292,0.2913534586165534
40.0,29.0,29.0,26929.0,6602.0,0.18794815789807243,0.2451632069516135
40.0,5.0,38.0,3494.0,845.0,0.1991417813479844,0.24184315970234688
40.0,30.0,30.0,100040.0,26075.0,0.19693438694625554,0.26064574170331867
40.0,14.0,8.0,4500.0,972.0,0.19454160857400613,0.216
42.0,20.0,20.0,100042.0,28757.0,0.19094533244205736,0.28744927130605147
42.0,28.0,28.0,8324.0,2158.0,0.20116691695707653,0.25925036040365207
42.0,17.0,21.0,1974.0,508.0,0.2118979592046306,0.2573454913880446
42.0,19.0,11.0,46166.0,12528.0,0.2102499408456442,0.27136853961790064
42.0,24.0,28.0,1142.0,266.0,0.2001513075636508,0.2329246935201401
42.0,30.0,37.0,1379.0,325.0,0.19698185383931865,0.23567802755620015
42.0,7.0,7.0,18721.0,5516.0,0.19382331370792583,0.2946423802147321
42.0,22.0,22.0,13887.0,3388.0,0.19255895991351465,0.24396917980845395
42.0,29.0,29.0,7642.0,2375.0,0.21010179647992477,0.3107825176655326
42.0,16.0,16.0,1247.0,303.0,0.21069257539103645,0.2429831595829992
42.0,8.0,8.0,100042.0,28523.0,0.21056351786947727,0.2851102536934488
42.0,26.0,26.0,37042.0,9261.0,0.1874849895398942,0.25001349819124236
42.0,19.0,12.0,5269.0,1361.0,0.20256428813638389,0.2583032833554754
42.0,22.0,22.0,4149.0,1092.0,0.20773060275465094,0.2631959508315257
42.0,17.0,17.0,100042.0,30069.0,0.2051536537308606,0.30056376321944783
42.0,0.0,18.0,1474.0,418.0,0.198239442076843,0.2835820895522388
42.0,34.0,20.0,1905.0,520.0,0.19646784490622332,0.27296587926509186
42.0,16.0,16.0,2193.0,458.0,0.19298067745840272,0.20884632922936616
42.0,19.0,19.0,100042.0,28057.0,0.2050365604745819,0.28045221007176985
42.0,4.0,14.0,17322.0,4409.0,0.20154804440301816,0.2545318092599007
42.0,16.0,16.0,4985.0,1249.0,0.1967650899159457,0.2505516549648947
42.0,35.0,10.0,100042.0,25196.0,0.19069174320051924,0.2518542212270846
42.0,33.0,33.0,100042.0,30769.0,0.20251445186968997,0.30756082445372945
42.0,5.0,21.0,5731.0,1469.0,0.20960456177940182,0.25632524864770545
42.0,1.0,1.0,7578.0,1993.0,0.2047720328120875,0.2629981525468461
42.0,32.0,32.0,1591.0,358.0,0.1945090627369969,0.2250157133878064
42.0,29.0,29.0,100042.0,27277.0,0.19360336276229503,0.2726554846964275
42.0,25.0,25.0,100042.0,24550.0,0.1918762441368995,0.24539693328801904
42.0,31.0,40.0,2843.0,784.0,0.19048912198024348,0.27576503693281745
42.0,29.0,22.0,100042.0,26927.0,0.20223756655127714,0.2691569540792867
42.0,34.0,34.0,10163.0,2887.0,0.1945322866143293,0.2840696644691528
42.0,7.0,7.0,8734.0,2007.0,0.19279250170529658,0.2297916189603847
44.0,29.0,29.0,6106.0,1578.0,0.19280513355665266,0.2584343268915821
44.0,18.0,37.0,100044.0,24687.0,0.19347424894454568,0.24676142497301187
44.0,15.0,15.0,38355.0,10096.0,0.19671772087865091,0.2632251336201277
44.0,9.0,27.0,100044.0,26947.0,0.18832473578049977,0.26935148534644754
44.0,41.0,31.0,1049.0,267.0,0.19581367438901467,0.25452812202097236
44.0,30.0,30.0,4425.0,1109.0,0.19412496980083505,0.2506214689265537
44.0,0.0,0.0,100044.0,31089.0,0.2038368481069197,0.3107532685618328
44.0,30.0,30.0,5775.0,1194.0,0.18187721345324342,0.20675324675324674
44.0,10.0,12.0,2001.0,418.0,0.20006719858472463,0.20889555222388806
44.0,16.0,11.0,1766.0,391.0,0.19835282765321394,0.22140430351075877
44.0,37.0,36.0,1341.0,253.0,0.1888523566135749,0.18866517524235646
44.0,28.0,28.0,100044.0,30129.0,0.20821780330150166,0.3011574907040902
44.0,24.0,24.0,8109.0,1973.0,0.21802664278205877,0.24330990257738316
44.0,43.0,33.0,16056.0,4720.0,0.1973865823851062,0.293971101145989
44.0,16.0,16.0,100044.0,29736.0,0.20612791244559156,0.2972292191435768
44.0,40.0,40.0,23827.0,6450.0,0.2076600655779143,0.2707013052419524
44.0,39.0,39.0,100044.0,27088.0,0.18977297719768443,0.2707608652193035
44.0,35.0,23.0,100044.0,25075.0,0.19845608992540267,0.25063971852384953
44.0,33.0,33.0,100044.0,27668.0,0.20191602315756824,0.27655831434168965
44.0,21.0,21.0,42457.0,10647.0,0.19824225480773275,0.25077136867889865
44.0,9.0,9.0,100044.0,26297.0,0.1892146823265054,0.26285434408860103
44.0,4.0,19.0,82562.0,24120.0,0.20019068282086352,0.2921440856568397
44.0,14.0,14.0,60212.0,16776.0,0.2055893298441647,0.2786155583604597
44.0,13.0,36.0,1373.0,327.0,0.211936916656175,0.2381646030589949
44.0,25.0,25.0,87982.0,22762.0,0.21550192726766026,0.25871200927462434
44.0,1.0,24.0,11453.0,3242.0,0.20868065221854984,0.28306993800750896
44.0,37.0,37.0,56446.0,15212.0,0.19578874058594034,0.2694965099387025
44.0,4.0,4.0,26516.0,6423.0,0.1936412859329337,0.24223110574747322
44.0,8.0,3.0,100044.0,28827.0,0.21187704780877936,0.28814321698452683
44.0,34.0,19.0,2418.0,554.0,0.20805383373574038,0.22911497105045492
44.0,6.0,31.0,100044.0,26290.0,0.19431558844181332,0.26278437487505496
44.0,30.0,30.0,100044.0,30341.0,0.19976018804639606,0.3032765583143417
46.0,7.0,26.0,2202.0,555.0,0.19541518855667503,0.25204359673024523
46.0,41.0,41.0,11496.0,2972.0,0.18880869632362862,0.2585247042449548
46.0,36.0,36.0,100046.0,29104.0,0.1909240214575111,0.29090618315574834
46.0,30.0,35.0,1075.0,238.0,0.20642531173936557,0.2213953488372093
46.0,16.0,6.0,4680.0,1126.0,0.19829113517891186,0.2405982905982906
46.0,38.0,22.0,10422.0,2570.0,0.2002737388189782,0.24659374400307044
46.0,41.0,41.0,5779.0,1497.0,0.20149693883289524,0.25904135663609623
46.0,8.0,38.0,2076.0,510.0,0.2164102056103022,0.24566473988439305
46.0,41.0,41.0,100046.0,26762.0,0.18993172228224503,0.2674969514023549
46.0,10.0,10.0,3878.0,1004.0,0.20564950643598112,0.258896338318721
46.0,4.0,45.0,2769.0,635.0,0.19321495063120933,0.22932466594438425
46.0,25.0,25.0,1426.0,341.0,0.1923961009279173,0.2391304347826087
46.0,4.0,3.0,1320.0,272.0,0.19863566509065053,0.20606060606060606
46.0,39.0,39.0,2926.0,630.0,0.201783886967775,0.215311004784689
46.0,16.0,38.0,1201.0,253.0,0.19350743506185775,0.21065778517901748
46.0,11.0,45.0,10402.0,2456.0,0.19452583675655657,0.23610844068448375
46.0,32.0,30.0,45758.0,11060.0,0.20312706413087867,0.24170636828532716
46.0,19.0,19.0,100046.0,27633.0,0.1951547173147758,0.27620294664454353
46.0,30.0,32.0,1561.0,410.0,0.20048934357375855,0.2626521460602178
46.0,27.0,6.0,26986.0,6607.0,0.1927065849065144,0.24483065293114947
46.0,27.0,27.0,100046.0,26929.0,0.20226925448451819,0.26916618355556443
46.0,14.0,14.0,98364.0,27983.0,0.2070228799405496,0.2844841608718637
46.0,1.0,23.0,13261.0,3653.0,0.20350663918377973,0.2754694216122464
46.0,24.0,20.0,1356.0,333.0,0.1961367058879226,0.24557522123893805
46.0,30.0,37.0,1728.0,360.0,0.20255604627742976,0.20833333333333334
46.0,23.0,23.0,100046.0,26660.0,0.19930152873180204,0.26647742038662214
46.0,42.0,44.0,1777.0,409.0,0.20579298706503477,0.2301631963984243
46.0,15.0,33.0,1636.0,336.0,0.191059711681123,0.20537897310513448
46.0,42.0,42.0,100046.0,28213.0,0.2014249142576823,0.2820002798712592
46.0,26.0,26.0,2009.0,497.0,0.20413255490562676,0.24738675958188153
46.0,33.0,33.0,32748.0,9797.0,0.20251911385063437,0.29916330768291194
46.0,4.0,9.0,1352.0,320.0,0.2058935849029372,0.23668639053254437
48.0,30.0,30.0,100048.0,29001.0,0.1924502630395628,0.2898708619862466
48.0,18.0,27.0,31272.0,7812.0,0.19609294673413435,0.24980813507290867
48.0,4.0,4.0,3381.0,772.0,0.20092212858937744,0.22833481218574386
48.0,4.0,12.0,1510.0,375.0,0.19889447799860957,0.24834437086092714
48.0,0.0,39.0,100048.0,26766.0,0.19395827827665543,0.26753158483927714
48.0,24.0,24.0,18405.0,4962.0,0.2039753564033401,0.26960065199674
48.0,17.0,24.0,100048.0,26802.0,0.19015786380708063,0.26789141212218137
48.0,36.0,36.0,1215.0,286.0,0.20263655950901258,0.2353909465020576
48.0,42.0,42.0,100048.0,26368.0,0.19943540625665657,0.26355349432272507
48.0,46.0,29.0,2195.0,606.0,0.21823060704216438,0.27608200455580867
48.0,25.0,27.0,5482.0,1599.0,0.2002494263044948,0.2916818679314119
48.0,33.0,13.0,100048.0,27433.0,0.19493136772757833,0.27419838477530784
48.0,2.0,2.0,100048.0,28294.0,0.1863625529492332,0.2828042539581001
48.0,35.0,35.0,42947.0,12782.0,0.21724311591634216,0.2976226511747037
48.0,10.0,23.0,1337.0,318.0,0.20968979432785617,0.23784592370979807
48.0,23.0,30.0,1181.0,260.0,0.2061622989609854,0.2201524132091448
48.0,5.0,32.0,2405.0,535.0,0.1916226453771762,0.22245322245322247
48.0,32.0,32.0,12797.0,3462.0,0.21039704426455064,0.27053215597405644
48.0,12.0,35.0,1672.0,342.0,0.1952459985551048,0.20454545454545456
48.0,10.0,2.0,1082.0,246.0,0.21123013128062593,0.22735674676524953
48.0,4.0,4.0,82570.0,21471.0,0.19317749712939516,0.26003391062129105
48.0,1.0,47.0,1563.0,369.0,0.21984209228146354,0.236084452975048
48.0,24.0,8.0,1237.0,278.0,0.20388236097981713,0.22473726758286175
48.0,21.0,21.0,100048.0,27047.0,0.20060120762535769,0.2703402366863905
48.0,34.0,39.0,3387.0,768.0,0.19770427908650767,0.2267493356953056
48.0,28.0,8.0,100048.0,27936.0,0.21416966120634853,0.27922597153366385
48.0,7.0,7.0,100048.0,27702.0,0.1979074523964798,0.2768870941947865
48.0,11.0,11.0,100048.0,31724.0,0.19691350117673587,0.3170877978570286
48.0,27.0,13.0,2168.0,494.0,0.19676588941191508,0.22785977859778597
48.0,14.0,38.0,100048.0,27921.0,0.1960215210544897,0.2790760434991204
48.0,33.0,33.0,100048.0,28584.0,0.19367930065904648,0.2857028626259395
48.0,13.0,26.0,3179.0,665.0,0.18988991640592823,0.20918527838943063
50.0,40.0,40.0,100050.0,29695.0,0.21004000639922701,0.2968015992003998
50.0,45.0,47.0,100050.0,27252.0,0.19454119670078168,0.27238380809595203
50.0,12.0,12.0,100050.0,28038.0,0.20843414082229794,0.28023988005997
50.0,21.0,21.0,6524.0,1784.0,0.2038901679353911,0.2734518700183936
50.0,47.0,47.0,3756.0,949.0,0.20651596046167497,0.25266240681576146
50.0,32.0,16.0,100050.0,29380.0,0.2051116461137116,0.29365317341329333
50.0,7.0,26.0,12852.0,3306.0,0.20707145899863544,0.2572362278244631
50.0,32.0,10.0,100050.0,26078.0,0.19014476732704963,0.26064967516241877
50.0,32.0,32.0,1537.0,376.0,0.20383565933273612,0.2446324007807417
50.0,39.0,39.0,1539.0,418.0,0.21489952949264426,0.2716049382716049
50.0,41.0,42.0,8630.0,2276.0,0.20260478940484497,0.2637311703360371
50.0,19.0,19.0,22946.0,5604.0,0.1933443585665839,0.2442255730846335
50.0,39.0,39.0,2620.0,552.0,0.20118334040447397,0.21068702290076335
50.0,28.0,33.0,100050.0,25767.0,0.19072715527132592,0.2575412293853073
50.0,46.0,3.0,100050.0,27431.0,0.18855389791591307,0.27417291354322837
50.0,12.0,1.0,100050.0,26480.0,0.20525412580332614,0.26466766616691656
50.0,14.0,9.0,5778.0,1409.0,0.1952180772104207,0.24385600553824852
50.0,15.0,45.0,2573.0,539.0,0.1914618159882692,0.20948309366498252
50.0,13.0,13.0,11914.0,2870.0,0.19872042235635928,0.2408930669800235
50.0,39.0,39.0,100050.0,29572.0,0.19542876288330363,0.2955722138930535
50.0,3.0,3.0,2145.0,551.0,0.20657847311973282,0.2568764568764569
50.0,22.0,22.0,100050.0,26309.0,0.18645833646975327,0.26295852073963016
50.0,45.0,45.0,5247.0,1263.0,0.19993170851595013,0.24070897655803317
50.0,32.0,32.0,1721.0,376.0,0.20232700315883537,0.21847762928529924
50.0,5.0,19.0,3458.0,797.0,0.1944262577850827,0.23048004626951996
50.0,43.0,11.0,100050.0,26999.0,0.1972784377133539,0.2698550724637681
50.0,38.0,38.0,23583.0,6682.0,0.20077583221435866,0.2833396938472629
50.0,46.0,18.0,1311.0,294.0,0.20485040445689265,0.2242562929061785
50.0,17.0,17.0,100050.0,28699.0,0.20131589460868812,0.28684657671164415
50.0,14.0,32.0,3998.0,1051.0,0.19949603750350334,0.2628814407203602
50.0,38.0,12.0,1399.0,258.0,0.2004054952694414,0.18441744102930666
50.0,10.0,10.0,14565.0,3549.0,0.2097251988304478,0.24366632337796088
